Using pre-set license
Built from '2022.3/china_unity/release~1' branch; Version is '2022.3.53f1c1 (f16e16b78e06) revision 15822358'; Using compiler version '192829333'; Build Type 'Release'
OS: 'Windows 11  (10.0.26100) 64bit CoreCountrySpecific' Language: 'zh' Physical Memory: 32491 MB
BatchMode: 1, IsHumanControllingUs: 0, StartBugReporterOnCrash: 0, Is64bit: 1, IsPro: 1

COMMAND LINE ARGUMENTS:
D:\UnityHub\Unity2022.3.53\2022.3.53f1c1\Editor\Unity.exe
-adb2
-batchMode
-noUpm
-name
AssetImportWorker1
-projectPath
D:/21078/GitHub/PR2project
-logFile
Logs/AssetImportWorker1.log
-srvPort
63114
Successfully changed project path to: D:/21078/GitHub/PR2project
D:/21078/GitHub/PR2project
[UnityMemory] Configuration Parameters - Can be set up in boot.config
    "memorysetup-bucket-allocator-granularity=16"
    "memorysetup-bucket-allocator-bucket-count=8"
    "memorysetup-bucket-allocator-block-size=33554432"
    "memorysetup-bucket-allocator-block-count=8"
    "memorysetup-main-allocator-block-size=16777216"
    "memorysetup-thread-allocator-block-size=16777216"
    "memorysetup-gfx-main-allocator-block-size=16777216"
    "memorysetup-gfx-thread-allocator-block-size=16777216"
    "memorysetup-cache-allocator-block-size=4194304"
    "memorysetup-typetree-allocator-block-size=2097152"
    "memorysetup-profiler-bucket-allocator-granularity=16"
    "memorysetup-profiler-bucket-allocator-bucket-count=8"
    "memorysetup-profiler-bucket-allocator-block-size=33554432"
    "memorysetup-profiler-bucket-allocator-block-count=8"
    "memorysetup-profiler-allocator-block-size=16777216"
    "memorysetup-profiler-editor-allocator-block-size=1048576"
    "memorysetup-temp-allocator-size-main=16777216"
    "memorysetup-job-temp-allocator-block-size=2097152"
    "memorysetup-job-temp-allocator-block-size-background=1048576"
    "memorysetup-job-temp-allocator-reduction-small-platforms=262144"
    "memorysetup-allocator-temp-initial-block-size-main=262144"
    "memorysetup-allocator-temp-initial-block-size-worker=262144"
    "memorysetup-temp-allocator-size-background-worker=32768"
    "memorysetup-temp-allocator-size-job-worker=262144"
    "memorysetup-temp-allocator-size-preload-manager=33554432"
    "memorysetup-temp-allocator-size-nav-mesh-worker=65536"
    "memorysetup-temp-allocator-size-audio-worker=65536"
    "memorysetup-temp-allocator-size-cloud-worker=32768"
    "memorysetup-temp-allocator-size-gi-baking-worker=262144"
    "memorysetup-temp-allocator-size-gfx=262144"
Player connection [277704]  Target information:

Player connection [277704]  * "[IP] 192.168.2.101 [Port] 0 [Flags] 2 [Guid] 3208986199 [EditorId] 3208986199 [Version] 1048832 [Id] WindowsEditor(7,GAMEstudio) [Debug] 1 [PackageName] WindowsEditor [ProjectName] Editor" 

Player connection [277704] Host joined multi-casting on [225.0.0.222:54997]...
Player connection [277704] Host joined alternative multi-casting on [225.0.0.222:34997]...
[PhysX] Initialized MultithreadedTaskDispatcher with 32 workers.
Refreshing native plugins compatible for Editor in 26.31 ms, found 3 plugins.
Preloading 0 native plugins for Editor in 0.00 ms.
Initialize engine version: 2022.3.53f1c1 (f16e16b78e06)
[Subsystems] Discovering subsystems at path D:/UnityHub/Unity2022.3.53/2022.3.53f1c1/Editor/Data/Resources/UnitySubsystems
[Subsystems] Discovering subsystems at path D:/21078/GitHub/PR2project/Assets
GfxDevice: creating device client; threaded=0; jobified=0
Direct3D:
    Version:  Direct3D 11.0 [level 11.1]
    Renderer: NVIDIA GeForce RTX 4060 Laptop GPU (ID=0x28e0)
    Vendor:   NVIDIA
    VRAM:     7957 MB
    Driver:   32.0.15.6636
Initialize mono
Mono path[0] = 'D:/UnityHub/Unity2022.3.53/2022.3.53f1c1/Editor/Data/Managed'
Mono path[1] = 'D:/UnityHub/Unity2022.3.53/2022.3.53f1c1/Editor/Data/MonoBleedingEdge/lib/mono/unityjit-win32'
Mono config path = 'D:/UnityHub/Unity2022.3.53/2022.3.53f1c1/Editor/Data/MonoBleedingEdge/etc'
Using monoOptions --debugger-agent=transport=dt_socket,embedding=1,server=y,suspend=n,address=127.0.0.1:56284
Begin MonoManager ReloadAssembly
Registering precompiled unity dll's ...
Register platform support module: D:/UnityHub/Unity2022.3.53/2022.3.53f1c1/Editor/Data/PlaybackEngines/WebGLSupport/UnityEditor.WebGL.Extensions.dll
Register platform support module: D:/UnityHub/Unity2022.3.53/2022.3.53f1c1/Editor/Data/PlaybackEngines/AndroidPlayer/UnityEditor.Android.Extensions.dll
Register platform support module: D:/UnityHub/Unity2022.3.53/2022.3.53f1c1/Editor/Data/PlaybackEngines/WindowsStandaloneSupport/UnityEditor.WindowsStandalone.Extensions.dll
Registered in 0.027423 seconds.
- Loaded All Assemblies, in  0.383 seconds
Native extension for WindowsStandalone target not found
Native extension for Android target not found
Android Extension - Scanning For ADB Devices 498 ms
Native extension for WebGL target not found
Mono: successfully reloaded assembly
- Finished resetting the current domain, in  0.736 seconds
Domain Reload Profiling: 1108ms
	BeginReloadAssembly (133ms)
		ExecutionOrderSort (0ms)
		DisableScriptedObjects (0ms)
		BackupInstance (0ms)
		ReleaseScriptingObjects (0ms)
		CreateAndSetChildDomain (1ms)
	RebuildCommonClasses (25ms)
	RebuildNativeTypeToScriptingClass (6ms)
	initialDomainReloadingComplete (90ms)
	LoadAllAssembliesAndSetupDomain (117ms)
		LoadAssemblies (122ms)
		RebuildTransferFunctionScriptingTraits (0ms)
		AnalyzeDomain (114ms)
			TypeCache.Refresh (113ms)
				TypeCache.ScanAssembly (102ms)
			ScanForSourceGeneratedMonoScriptInfo (0ms)
			ResolveRequiredComponents (0ms)
	FinalizeReload (737ms)
		ReleaseScriptCaches (0ms)
		RebuildScriptCaches (0ms)
		SetupLoadedEditorAssemblies (704ms)
			LogAssemblyErrors (0ms)
			InitializePlatformSupportModulesInManaged (590ms)
			SetLoadedEditorAssemblies (4ms)
			RefreshPlugins (0ms)
			BeforeProcessingInitializeOnLoad (1ms)
			ProcessInitializeOnLoadAttributes (75ms)
			ProcessInitializeOnLoadMethodAttributes (34ms)
			AfterProcessingInitializeOnLoad (0ms)
			EditorAssembliesLoaded (0ms)
		ExecutionOrderSort2 (0ms)
		AwakeInstancesAfterBackupRestoration (0ms)
========================================================================
Worker process is ready to serve import requests
Caller must complete domain reload
Begin MonoManager ReloadAssembly
- Loaded All Assemblies, in  0.728 seconds
Native extension for WindowsStandalone target not found
Native extension for Android target not found
Native extension for WebGL target not found
Mono: successfully reloaded assembly
- Finished resetting the current domain, in  0.523 seconds
Domain Reload Profiling: 1237ms
	BeginReloadAssembly (174ms)
		ExecutionOrderSort (0ms)
		DisableScriptedObjects (3ms)
		BackupInstance (0ms)
		ReleaseScriptingObjects (0ms)
		CreateAndSetChildDomain (25ms)
	RebuildCommonClasses (25ms)
	RebuildNativeTypeToScriptingClass (6ms)
	initialDomainReloadingComplete (51ms)
	LoadAllAssembliesAndSetupDomain (457ms)
		LoadAssemblies (424ms)
		RebuildTransferFunctionScriptingTraits (0ms)
		AnalyzeDomain (142ms)
			TypeCache.Refresh (128ms)
				TypeCache.ScanAssembly (116ms)
			ScanForSourceGeneratedMonoScriptInfo (9ms)
			ResolveRequiredComponents (3ms)
	FinalizeReload (524ms)
		ReleaseScriptCaches (0ms)
		RebuildScriptCaches (0ms)
		SetupLoadedEditorAssemblies (418ms)
			LogAssemblyErrors (0ms)
			InitializePlatformSupportModulesInManaged (29ms)
			SetLoadedEditorAssemblies (2ms)
			RefreshPlugins (0ms)
			BeforeProcessingInitializeOnLoad (67ms)
			ProcessInitializeOnLoadAttributes (272ms)
			ProcessInitializeOnLoadMethodAttributes (14ms)
			AfterProcessingInitializeOnLoad (34ms)
			EditorAssembliesLoaded (0ms)
		ExecutionOrderSort2 (0ms)
		AwakeInstancesAfterBackupRestoration (6ms)
Launched and connected shader compiler UnityShaderCompiler.exe after 0.07 seconds
Refreshing native plugins compatible for Editor in 14.27 ms, found 3 plugins.
Preloading 0 native plugins for Editor in 0.00 ms.
Unloading 3163 Unused Serialized files (Serialized files now loaded: 0)
Unloading 19 unused Assets / (54.5 KB). Loaded Objects now: 3651.
Memory consumption went from 135.6 MB to 135.6 MB.
Total: 3.731800 ms (FindLiveObjects: 0.165200 ms CreateObjectMapping: 0.052600 ms MarkObjects: 3.415100 ms  DeleteObjects: 0.097800 ms)

AssetImportParameters requested are different than current active one (requested -> active):
  custom:container-demuxer-ogg: 62fdf1f143b41e24485cea50d1cbac27 -> 
  custom:video-codec-MediaFoundation-h265: 746d11721c4dcdbdad8f713fa42b33f4 -> 
  custom:video-decoder-ogg-theora: a1e56fd34408186e4bbccfd4996cb3dc -> 
  custom:framework-win-MediaFoundation: 216162199b28c13a410421893ffa2e32 -> 
  custom:CustomObjectIndexerAttribute: 9a22284fe3817be447336de3de66b15e -> 
  custom:container-demuxer-webm: 4f35f7cbe854078d1ac9338744f61a02 -> 
  custom:container-muxer-webm: aa71ff27fc2769a1b78a27578f13a17b -> 
  custom:video-decoder-webm-vp8: 9c59270c3fd7afecdb556c50c9e8de78 -> 
  custom:SearchIndexIgnoredProperties: e643bd26f0fe6173181afceb89e7c659 -> 
  custom:AudioImporter_EditorPlatform: d09bf68614088b80899f8185d706f6e7 -> 
  custom:video-encoder-webm-vp8: eb34c28f22e8b96e1ab97ce403110664 -> 
  custom:audio-decoder-ogg-vorbis: bf7c407c2cedff20999df2af8eb42d56 -> 
  custom:audio-encoder-webm-vorbis: bf7c407c2cedff20999df2af8eb42d56 -> 
========================================================================
Received Import Request.
  Time since last request: 1638082.010793 seconds.
  path: Assets/Kitchen_Cooking_FX/Prefabs/Bubbling_Liquid_Audio.prefab
  artifactKey: Guid(a04e931f78abafb4b9379be3a0f62e41) Importer(815301076,1909f56bfc062723c751e8b465ee728b)
Start importing Assets/Kitchen_Cooking_FX/Prefabs/Bubbling_Liquid_Audio.prefab using Guid(a04e931f78abafb4b9379be3a0f62e41) Importer(815301076,1909f56bfc062723c751e8b465ee728b) [PhysX] Initialized MultithreadedTaskDispatcher with 32 workers.
 -> (artifact id: '615128968322278c35be6bcfb6d325da') in 0.018127 seconds
Number of updated asset objects reloaded before import = 0
Number of asset objects unloaded after import = 5
========================================================================
Received Import Request.
  Time since last request: 0.000136 seconds.
  path: Assets/Kitchen Collection 2/Prefabs/Apple.prefab
  artifactKey: Guid(98d1280b0f48c7e488173e41194ad0e7) Importer(815301076,1909f56bfc062723c751e8b465ee728b)
Start importing Assets/Kitchen Collection 2/Prefabs/Apple.prefab using Guid(98d1280b0f48c7e488173e41194ad0e7) Importer(815301076,1909f56bfc062723c751e8b465ee728b) [PhysX] Initialized MultithreadedTaskDispatcher with 32 workers.
[PhysX] Initialized MultithreadedTaskDispatcher with 32 workers.
 -> (artifact id: '87c41cadaa8a249adb71ae2801082a09') in 0.232327 seconds
Number of updated asset objects reloaded before import = 0
Number of asset objects unloaded after import = 9
========================================================================
Received Import Request.
  Time since last request: 0.000020 seconds.
  path: Assets/Kitchen Collection 2/Prefabs/Books.prefab
  artifactKey: Guid(fe4637c478a59cd4e99c9a74312b2295) Importer(815301076,1909f56bfc062723c751e8b465ee728b)
Start importing Assets/Kitchen Collection 2/Prefabs/Books.prefab using Guid(fe4637c478a59cd4e99c9a74312b2295) Importer(815301076,1909f56bfc062723c751e8b465ee728b) [PhysX] Initialized MultithreadedTaskDispatcher with 32 workers.
[PhysX] Initialized MultithreadedTaskDispatcher with 32 workers.
 -> (artifact id: '249a18df3720d895518657cc190d88a0') in 0.011550 seconds
Number of updated asset objects reloaded before import = 0
Number of asset objects unloaded after import = 31
========================================================================
Received Import Request.
  Time since last request: 0.000022 seconds.
  path: Assets/Kitchen Collection 2/Prefabs/Bottle.prefab
  artifactKey: Guid(71ef9a213a0925c4288a4c8e4fff8ef0) Importer(815301076,1909f56bfc062723c751e8b465ee728b)
Start importing Assets/Kitchen Collection 2/Prefabs/Bottle.prefab using Guid(71ef9a213a0925c4288a4c8e4fff8ef0) Importer(815301076,1909f56bfc062723c751e8b465ee728b) [PhysX] Initialized MultithreadedTaskDispatcher with 32 workers.
[PhysX] Initialized MultithreadedTaskDispatcher with 32 workers.
 -> (artifact id: '8c2759e3700cc092dc91d5545f2a964a') in 0.010657 seconds
Number of updated asset objects reloaded before import = 0
Number of asset objects unloaded after import = 9
========================================================================
Received Import Request.
  Time since last request: 220.801130 seconds.
  path: Assets/Stylized Vegetables Collection - Low Poly.c4d
  artifactKey: Guid(29f8ec825f3b5fa4094625c1f05852de) Importer(2089858483,0ecaa5967403d082aa24f35e1b516d23)
Start importing Assets/Stylized Vegetables Collection - Low Poly.c4d using Guid(29f8ec825f3b5fa4094625c1f05852de) Importer(2089858483,0ecaa5967403d082aa24f35e1b516d23) [PhysX] Initialized MultithreadedTaskDispatcher with 32 workers.
 -> (artifact id: 'd90373b9b2902df7fc3b165866b6a101') in 0.059102 seconds
Number of updated asset objects reloaded before import = 0
Number of asset objects unloaded after import = 1
========================================================================
Received Import Request.
  Time since last request: 0.005130 seconds.
  path: Assets/Kitchen Collection 2/Models/Clock.FBX
  artifactKey: Guid(1927014443ab6234b8c5aa7b67ba5b9b) Importer(2089858483,0ecaa5967403d082aa24f35e1b516d23)
Start importing Assets/Kitchen Collection 2/Models/Clock.FBX using Guid(1927014443ab6234b8c5aa7b67ba5b9b) Importer(2089858483,0ecaa5967403d082aa24f35e1b516d23) [PhysX] Initialized MultithreadedTaskDispatcher with 32 workers.
 -> (artifact id: '6ace64bc3517d94070e66f102a80a639') in 0.113801 seconds
Number of updated asset objects reloaded before import = 0
Number of asset objects unloaded after import = 7
========================================================================
Received Import Request.
  Time since last request: 0.002495 seconds.
  path: Assets/Kitchen Collection 2/Models/Chopping board.FBX
  artifactKey: Guid(b2376e30a2b1da5499c2a7e6e2ed7556) Importer(2089858483,0ecaa5967403d082aa24f35e1b516d23)
Start importing Assets/Kitchen Collection 2/Models/Chopping board.FBX using Guid(b2376e30a2b1da5499c2a7e6e2ed7556) Importer(2089858483,0ecaa5967403d082aa24f35e1b516d23) [PhysX] Initialized MultithreadedTaskDispatcher with 32 workers.
 -> (artifact id: 'd47f8bbd9c5ed8accfc54743dbdf8e3f') in 0.015049 seconds
Number of updated asset objects reloaded before import = 0
Number of asset objects unloaded after import = 7
========================================================================
Received Import Request.
  Time since last request: 0.002551 seconds.
  path: Assets/Kitchen Collection 2/Models/Door.FBX
  artifactKey: Guid(88777bc3664d5234c93b3a360ad6d969) Importer(2089858483,0ecaa5967403d082aa24f35e1b516d23)
Start importing Assets/Kitchen Collection 2/Models/Door.FBX using Guid(88777bc3664d5234c93b3a360ad6d969) Importer(2089858483,0ecaa5967403d082aa24f35e1b516d23) [PhysX] Initialized MultithreadedTaskDispatcher with 32 workers.
 -> (artifact id: '3b5eadfb99c22e69172d7e88d50e8286') in 0.026067 seconds
Number of updated asset objects reloaded before import = 0
Number of asset objects unloaded after import = 17
========================================================================
Received Import Request.
  Time since last request: 0.004127 seconds.
  path: Assets/Kitchen Collection 2/Models/Stool.FBX
  artifactKey: Guid(cb8a8a8649ec1a1449c5b7c73a659b96) Importer(2089858483,0ecaa5967403d082aa24f35e1b516d23)
Start importing Assets/Kitchen Collection 2/Models/Stool.FBX using Guid(cb8a8a8649ec1a1449c5b7c73a659b96) Importer(2089858483,0ecaa5967403d082aa24f35e1b516d23) [PhysX] Initialized MultithreadedTaskDispatcher with 32 workers.
 -> (artifact id: '575aae6b9c07d4364a30b41f5aca952d') in 0.025968 seconds
Number of updated asset objects reloaded before import = 0
Number of asset objects unloaded after import = 7
========================================================================
Received Import Request.
  Time since last request: 0.013286 seconds.
  path: Assets/Kitchen Collection 2/Models/Hotplate.FBX
  artifactKey: Guid(b2715a36812a94341b61e58f8105964b) Importer(2089858483,0ecaa5967403d082aa24f35e1b516d23)
Start importing Assets/Kitchen Collection 2/Models/Hotplate.FBX using Guid(b2715a36812a94341b61e58f8105964b) Importer(2089858483,0ecaa5967403d082aa24f35e1b516d23) [PhysX] Initialized MultithreadedTaskDispatcher with 32 workers.
 -> (artifact id: '75680519e57c92e98497fce0ddca8d43') in 0.011781 seconds
Number of updated asset objects reloaded before import = 0
Number of asset objects unloaded after import = 7
========================================================================
Received Import Request.
  Time since last request: 0.027471 seconds.
  path: Assets/Kitchen Collection 2/Models/Tomato.FBX
  artifactKey: Guid(b801f1d3b43bc424b99c29b114ba89bc) Importer(2089858483,0ecaa5967403d082aa24f35e1b516d23)
Start importing Assets/Kitchen Collection 2/Models/Tomato.FBX using Guid(b801f1d3b43bc424b99c29b114ba89bc) Importer(2089858483,0ecaa5967403d082aa24f35e1b516d23) [PhysX] Initialized MultithreadedTaskDispatcher with 32 workers.
 -> (artifact id: 'e139ba1fb050f972e3e6fd0f3c91a1d5') in 0.018628 seconds
Number of updated asset objects reloaded before import = 0
Number of asset objects unloaded after import = 7
========================================================================
Received Import Request.
  Time since last request: 0.005292 seconds.
  path: Assets/HQ Laptop/Textures/specular.tga
  artifactKey: Guid(4d23e1479b0747d4bb11597f2b854429) Importer(2089858483,0ecaa5967403d082aa24f35e1b516d23)
Start importing Assets/HQ Laptop/Textures/specular.tga using Guid(4d23e1479b0747d4bb11597f2b854429) Importer(2089858483,0ecaa5967403d082aa24f35e1b516d23) [PhysX] Initialized MultithreadedTaskDispatcher with 32 workers.
 -> (artifact id: '9357463ce86b41d026a5be386ed021e8') in 0.086292 seconds
Number of updated asset objects reloaded before import = 0
Number of asset objects unloaded after import = 1
========================================================================
Received Import Request.
  Time since last request: 0.003528 seconds.
  path: Assets/Kitchen Collection 2/Models/Recipes.FBX
  artifactKey: Guid(a3231fb0b1fd79b4e9a39123c4bbd8a7) Importer(2089858483,0ecaa5967403d082aa24f35e1b516d23)
Start importing Assets/Kitchen Collection 2/Models/Recipes.FBX using Guid(a3231fb0b1fd79b4e9a39123c4bbd8a7) Importer(2089858483,0ecaa5967403d082aa24f35e1b516d23) [PhysX] Initialized MultithreadedTaskDispatcher with 32 workers.
 -> (artifact id: '1d65bf6c8699a92e2aed51d69f6d8c01') in 0.048817 seconds
Number of updated asset objects reloaded before import = 0
Number of asset objects unloaded after import = 7
========================================================================
Received Import Request.
  Time since last request: 0.002909 seconds.
  path: Assets/Kitchen Collection 2/Models/Glass 1.FBX
  artifactKey: Guid(ff7392f85d2ce394a9c8ad8b38344e4b) Importer(2089858483,0ecaa5967403d082aa24f35e1b516d23)
Start importing Assets/Kitchen Collection 2/Models/Glass 1.FBX using Guid(ff7392f85d2ce394a9c8ad8b38344e4b) Importer(2089858483,0ecaa5967403d082aa24f35e1b516d23) [PhysX] Initialized MultithreadedTaskDispatcher with 32 workers.
 -> (artifact id: '6922a0c1c6a38c07a3bc1621971d7816') in 0.055556 seconds
Number of updated asset objects reloaded before import = 0
Number of asset objects unloaded after import = 7
========================================================================
Received Import Request.
  Time since last request: 0.048172 seconds.
  path: Assets/Scripts/InteractionTrigger.cs
  artifactKey: Guid(3b1b7101b717b2f448ac2fd52d2a381b) Importer(2089858483,0ecaa5967403d082aa24f35e1b516d23)
Start importing Assets/Scripts/InteractionTrigger.cs using Guid(3b1b7101b717b2f448ac2fd52d2a381b) Importer(2089858483,0ecaa5967403d082aa24f35e1b516d23) [PhysX] Initialized MultithreadedTaskDispatcher with 32 workers.
 -> (artifact id: '937df4345f94023926658094251e120e') in 0.005342 seconds
Number of updated asset objects reloaded before import = 0
Number of asset objects unloaded after import = 1
========================================================================
Received Import Request.
  Time since last request: 0.014624 seconds.
  path: Assets/Kitchen Collection 2/Models/Ceiling lamp.FBX
  artifactKey: Guid(2d8fa98107ab9c84991dfb420eb2d20e) Importer(2089858483,0ecaa5967403d082aa24f35e1b516d23)
Start importing Assets/Kitchen Collection 2/Models/Ceiling lamp.FBX using Guid(2d8fa98107ab9c84991dfb420eb2d20e) Importer(2089858483,0ecaa5967403d082aa24f35e1b516d23) [PhysX] Initialized MultithreadedTaskDispatcher with 32 workers.
 -> (artifact id: 'd52fcdc6636aaaab1a48f55083a3f85f') in 0.023499 seconds
Number of updated asset objects reloaded before import = 0
Number of asset objects unloaded after import = 7
========================================================================
Received Import Request.
  Time since last request: 0.000149 seconds.
  path: Assets/Scripts/RotateMoveCamera.cs
  artifactKey: Guid(eaf36cbf83643c449826b45e828cf2e3) Importer(2089858483,0ecaa5967403d082aa24f35e1b516d23)
Start importing Assets/Scripts/RotateMoveCamera.cs using Guid(eaf36cbf83643c449826b45e828cf2e3) Importer(2089858483,0ecaa5967403d082aa24f35e1b516d23) [PhysX] Initialized MultithreadedTaskDispatcher with 32 workers.
 -> (artifact id: '45040604d36fc4c03dfd209a09d238f4') in 0.006313 seconds
Number of updated asset objects reloaded before import = 0
Number of asset objects unloaded after import = 1
========================================================================
Received Import Request.
  Time since last request: 0.000054 seconds.
  path: Assets/Kitchen Collection 2/Models/Microwave.FBX
  artifactKey: Guid(0de3d4b0c4b325542b73cc6d5f9e3c9c) Importer(2089858483,0ecaa5967403d082aa24f35e1b516d23)
Start importing Assets/Kitchen Collection 2/Models/Microwave.FBX using Guid(0de3d4b0c4b325542b73cc6d5f9e3c9c) Importer(2089858483,0ecaa5967403d082aa24f35e1b516d23) [PhysX] Initialized MultithreadedTaskDispatcher with 32 workers.
 -> (artifact id: 'e8c0dc2cd0f94b8568c8db69c35271f6') in 0.014239 seconds
Number of updated asset objects reloaded before import = 0
Number of asset objects unloaded after import = 7
========================================================================
Received Import Request.
  Time since last request: 0.000075 seconds.
  path: Assets/Kitchen Collection 2/New Terrain.asset
  artifactKey: Guid(4ba00768851c355408f7c6f05cfa18e1) Importer(2089858483,0ecaa5967403d082aa24f35e1b516d23)
Start importing Assets/Kitchen Collection 2/New Terrain.asset using Guid(4ba00768851c355408f7c6f05cfa18e1) Importer(2089858483,0ecaa5967403d082aa24f35e1b516d23) [PhysX] Initialized MultithreadedTaskDispatcher with 32 workers.
 -> (artifact id: '6baf3e0b7127498e41ed375e0cc91bf4') in 0.020930 seconds
Number of updated asset objects reloaded before import = 0
Number of asset objects unloaded after import = 5
========================================================================
Received Import Request.
  Time since last request: 0.012366 seconds.
  path: Assets/Kitchen Collection 2/Models/Dishwasher.FBX
  artifactKey: Guid(e7b869770ab687e42827309f8ef2ca94) Importer(2089858483,0ecaa5967403d082aa24f35e1b516d23)
Start importing Assets/Kitchen Collection 2/Models/Dishwasher.FBX using Guid(e7b869770ab687e42827309f8ef2ca94) Importer(2089858483,0ecaa5967403d082aa24f35e1b516d23) [PhysX] Initialized MultithreadedTaskDispatcher with 32 workers.
 -> (artifact id: 'bb41b4feebc2c9cb9db760688940ea03') in 0.022206 seconds
Number of updated asset objects reloaded before import = 0
Number of asset objects unloaded after import = 7
========================================================================
Received Import Request.
  Time since last request: 0.014280 seconds.
  path: Assets/Kitchen Collection 2/Models/Lemon 2.FBX
  artifactKey: Guid(9341a13363d7de84897f9c147cfb8e53) Importer(2089858483,0ecaa5967403d082aa24f35e1b516d23)
Start importing Assets/Kitchen Collection 2/Models/Lemon 2.FBX using Guid(9341a13363d7de84897f9c147cfb8e53) Importer(2089858483,0ecaa5967403d082aa24f35e1b516d23) [PhysX] Initialized MultithreadedTaskDispatcher with 32 workers.
 -> (artifact id: '85b0b598da546e660b7b6d771607ab6f') in 0.014141 seconds
Number of updated asset objects reloaded before import = 0
Number of asset objects unloaded after import = 7
========================================================================
Received Import Request.
  Time since last request: 0.001153 seconds.
  path: Assets/Scenes/StartUI.unity
  artifactKey: Guid(31f95b336ff5bb24fb55d826709de8c3) Importer(2089858483,0ecaa5967403d082aa24f35e1b516d23)
Start importing Assets/Scenes/StartUI.unity using Guid(31f95b336ff5bb24fb55d826709de8c3) Importer(2089858483,0ecaa5967403d082aa24f35e1b516d23) [PhysX] Initialized MultithreadedTaskDispatcher with 32 workers.
 -> (artifact id: '4959cd88540f453fe5f04ccbc0f7a449') in 0.003938 seconds
Number of updated asset objects reloaded before import = 0
Number of asset objects unloaded after import = 1
========================================================================
Received Import Request.
  Time since last request: 0.008692 seconds.
  path: Assets/Kitchen Collection 2/Models/Feeder.FBX
  artifactKey: Guid(5be2b5a9b25a6c34a828baf0f6128caf) Importer(2089858483,0ecaa5967403d082aa24f35e1b516d23)
Start importing Assets/Kitchen Collection 2/Models/Feeder.FBX using Guid(5be2b5a9b25a6c34a828baf0f6128caf) Importer(2089858483,0ecaa5967403d082aa24f35e1b516d23) [PhysX] Initialized MultithreadedTaskDispatcher with 32 workers.
 -> (artifact id: '93e555752c78f404f55b3d220a07cb40') in 0.012166 seconds
Number of updated asset objects reloaded before import = 0
Number of asset objects unloaded after import = 7
========================================================================
Received Import Request.
  Time since last request: 0.000579 seconds.
  path: Assets/Kitchen Collection 2/Prefabs/Hotplate.prefab
  artifactKey: Guid(659160d0a698a7a4b83096a0e163a0a2) Importer(2089858483,0ecaa5967403d082aa24f35e1b516d23)
Start importing Assets/Kitchen Collection 2/Prefabs/Hotplate.prefab using Guid(659160d0a698a7a4b83096a0e163a0a2) Importer(2089858483,0ecaa5967403d082aa24f35e1b516d23) [PhysX] Initialized MultithreadedTaskDispatcher with 32 workers.
 -> (artifact id: 'd04c00b07337c180586ba6e6ac7f16d5') in 0.008614 seconds
Number of updated asset objects reloaded before import = 0
Number of asset objects unloaded after import = 7
========================================================================
Received Import Request.
  Time since last request: 0.000018 seconds.
  path: Assets/Kitchen Collection 2/Prefabs/Clock.prefab
  artifactKey: Guid(1b98ebd191c5c6a45a71806416d54cd3) Importer(2089858483,0ecaa5967403d082aa24f35e1b516d23)
Start importing Assets/Kitchen Collection 2/Prefabs/Clock.prefab using Guid(1b98ebd191c5c6a45a71806416d54cd3) Importer(2089858483,0ecaa5967403d082aa24f35e1b516d23) [PhysX] Initialized MultithreadedTaskDispatcher with 32 workers.
 -> (artifact id: '29e0f04bc88d19044d246f3c2d67a6a4') in 0.007019 seconds
Number of updated asset objects reloaded before import = 0
Number of asset objects unloaded after import = 7
========================================================================
Received Import Request.
  Time since last request: 0.000059 seconds.
  path: Assets/Kitchen Collection 2/Prefabs/Dishes.prefab
  artifactKey: Guid(6fc2dd3e23a7bdb46b7798a3283e0dbf) Importer(2089858483,0ecaa5967403d082aa24f35e1b516d23)
Start importing Assets/Kitchen Collection 2/Prefabs/Dishes.prefab using Guid(6fc2dd3e23a7bdb46b7798a3283e0dbf) Importer(2089858483,0ecaa5967403d082aa24f35e1b516d23) [PhysX] Initialized MultithreadedTaskDispatcher with 32 workers.
 -> (artifact id: 'fbcddb261903a00b0868df2dfaacd72c') in 0.007660 seconds
Number of updated asset objects reloaded before import = 0
Number of asset objects unloaded after import = 19
========================================================================
Received Import Request.
  Time since last request: 0.000018 seconds.
  path: Assets/Kitchen Collection 2/Prefabs/Ceiling.prefab
  artifactKey: Guid(5a09895c45fc4264599684ca4b2a9e46) Importer(2089858483,0ecaa5967403d082aa24f35e1b516d23)
Start importing Assets/Kitchen Collection 2/Prefabs/Ceiling.prefab using Guid(5a09895c45fc4264599684ca4b2a9e46) Importer(2089858483,0ecaa5967403d082aa24f35e1b516d23) [PhysX] Initialized MultithreadedTaskDispatcher with 32 workers.
 -> (artifact id: '977622f7114f715c1a77db9fc9c046b5') in 0.006868 seconds
Number of updated asset objects reloaded before import = 0
Number of asset objects unloaded after import = 7
========================================================================
Received Import Request.
  Time since last request: 0.000018 seconds.
  path: Assets/Kitchen Collection 2/Prefabs/Floor.prefab
  artifactKey: Guid(88d392e0d130b9b4ca916a9d329bf813) Importer(2089858483,0ecaa5967403d082aa24f35e1b516d23)
Start importing Assets/Kitchen Collection 2/Prefabs/Floor.prefab using Guid(88d392e0d130b9b4ca916a9d329bf813) Importer(2089858483,0ecaa5967403d082aa24f35e1b516d23) [PhysX] Initialized MultithreadedTaskDispatcher with 32 workers.
 -> (artifact id: '044a4ac1e805778245680b2879113af1') in 0.010547 seconds
Number of updated asset objects reloaded before import = 0
Number of asset objects unloaded after import = 7
========================================================================
Received Import Request.
  Time since last request: 0.000072 seconds.
  path: Assets/Kitchen Collection 2/Prefabs/Fridge.prefab
  artifactKey: Guid(eeedebd1a9bb7e447b0f215fb302b4e2) Importer(2089858483,0ecaa5967403d082aa24f35e1b516d23)
Start importing Assets/Kitchen Collection 2/Prefabs/Fridge.prefab using Guid(eeedebd1a9bb7e447b0f215fb302b4e2) Importer(2089858483,0ecaa5967403d082aa24f35e1b516d23) [PhysX] Initialized MultithreadedTaskDispatcher with 32 workers.
 -> (artifact id: '0e70503859262e84168b16a8d2b7e658') in 0.007628 seconds
Number of updated asset objects reloaded before import = 0
Number of asset objects unloaded after import = 7
========================================================================
Received Import Request.
  Time since last request: 0.000017 seconds.
  path: Assets/Kitchen Collection 2/Models/Wall 3.FBX
  artifactKey: Guid(485434a9cbfc7444883dfdf7891bdebd) Importer(2089858483,0ecaa5967403d082aa24f35e1b516d23)
Start importing Assets/Kitchen Collection 2/Models/Wall 3.FBX using Guid(485434a9cbfc7444883dfdf7891bdebd) Importer(2089858483,0ecaa5967403d082aa24f35e1b516d23) [PhysX] Initialized MultithreadedTaskDispatcher with 32 workers.
 -> (artifact id: 'ac03b95cb722b0baf83d8cdeb8db63ba') in 0.013940 seconds
Number of updated asset objects reloaded before import = 0
Number of asset objects unloaded after import = 7
========================================================================
Received Import Request.
  Time since last request: 0.000020 seconds.
  path: Assets/Kitchen Collection 2/Prefabs/Ceiling lamp.prefab
  artifactKey: Guid(f3bd3c489a70e8f4b87a05adc15224ee) Importer(2089858483,0ecaa5967403d082aa24f35e1b516d23)
Start importing Assets/Kitchen Collection 2/Prefabs/Ceiling lamp.prefab using Guid(f3bd3c489a70e8f4b87a05adc15224ee) Importer(2089858483,0ecaa5967403d082aa24f35e1b516d23) [PhysX] Initialized MultithreadedTaskDispatcher with 32 workers.
 -> (artifact id: 'c319ff15c49d3e58aed704f71249d970') in 0.007960 seconds
Number of updated asset objects reloaded before import = 0
Number of asset objects unloaded after import = 7
========================================================================
Received Import Request.
  Time since last request: 0.000019 seconds.
  path: Assets/Kitchen Collection 2/Models/Vase 3.FBX
  artifactKey: Guid(fcaa708a7211c434d8d6f4835b1d0a50) Importer(2089858483,0ecaa5967403d082aa24f35e1b516d23)
Start importing Assets/Kitchen Collection 2/Models/Vase 3.FBX using Guid(fcaa708a7211c434d8d6f4835b1d0a50) Importer(2089858483,0ecaa5967403d082aa24f35e1b516d23) [PhysX] Initialized MultithreadedTaskDispatcher with 32 workers.
 -> (artifact id: '60f264e7110aebd9636a051662e6590b') in 0.024338 seconds
Number of updated asset objects reloaded before import = 0
Number of asset objects unloaded after import = 7
========================================================================
Received Import Request.
  Time since last request: 0.000058 seconds.
  path: Assets/Kitchen Collection 2/Models/Books.FBX
  artifactKey: Guid(c6000c71c05cc6344b9fdbe8084ea400) Importer(2089858483,0ecaa5967403d082aa24f35e1b516d23)
Start importing Assets/Kitchen Collection 2/Models/Books.FBX using Guid(c6000c71c05cc6344b9fdbe8084ea400) Importer(2089858483,0ecaa5967403d082aa24f35e1b516d23) [PhysX] Initialized MultithreadedTaskDispatcher with 32 workers.
 -> (artifact id: 'a438e4074f140cf2af2812fbf61c8cf3') in 0.025795 seconds
Number of updated asset objects reloaded before import = 0
Number of asset objects unloaded after import = 29
========================================================================
Received Import Request.
  Time since last request: 0.008563 seconds.
  path: Assets/Kitchen Collection 2/Models/Sideboard.FBX
  artifactKey: Guid(7e3e7955790efb849a9cd01b994aba3f) Importer(2089858483,0ecaa5967403d082aa24f35e1b516d23)
Start importing Assets/Kitchen Collection 2/Models/Sideboard.FBX using Guid(7e3e7955790efb849a9cd01b994aba3f) Importer(2089858483,0ecaa5967403d082aa24f35e1b516d23) [PhysX] Initialized MultithreadedTaskDispatcher with 32 workers.
 -> (artifact id: 'cfcca67bfae15cbd295cc7d9acab925c') in 0.012207 seconds
Number of updated asset objects reloaded before import = 0
Number of asset objects unloaded after import = 7
========================================================================
Received Import Request.
  Time since last request: 0.003925 seconds.
  path: Assets/Kitchen Collection 2/Models/Tap.FBX
  artifactKey: Guid(ab74b9592cf7aed45bf5d409b437d0f4) Importer(2089858483,0ecaa5967403d082aa24f35e1b516d23)
Start importing Assets/Kitchen Collection 2/Models/Tap.FBX using Guid(ab74b9592cf7aed45bf5d409b437d0f4) Importer(2089858483,0ecaa5967403d082aa24f35e1b516d23) [PhysX] Initialized MultithreadedTaskDispatcher with 32 workers.
 -> (artifact id: 'b6cae83be64ab6bc2439aa7e77361dbd') in 0.011005 seconds
Number of updated asset objects reloaded before import = 0
Number of asset objects unloaded after import = 7
========================================================================
Received Import Request.
  Time since last request: 0.000927 seconds.
  path: Assets/Kitchen Collection 2/Models/Wall 1.FBX
  artifactKey: Guid(44e845c08c894954993d16f7cd2558ce) Importer(2089858483,0ecaa5967403d082aa24f35e1b516d23)
Start importing Assets/Kitchen Collection 2/Models/Wall 1.FBX using Guid(44e845c08c894954993d16f7cd2558ce) Importer(2089858483,0ecaa5967403d082aa24f35e1b516d23) [PhysX] Initialized MultithreadedTaskDispatcher with 32 workers.
 -> (artifact id: 'd25f9b5af7a19233d0d11b988fa0c9ab') in 0.012086 seconds
Number of updated asset objects reloaded before import = 0
Number of asset objects unloaded after import = 7
========================================================================
Received Import Request.
  Time since last request: 0.000018 seconds.
  path: Assets/Kitchen Collection 2/Models/Cup 1.FBX
  artifactKey: Guid(db83498b171c6514f86fe13f0eef1c2e) Importer(2089858483,0ecaa5967403d082aa24f35e1b516d23)
Start importing Assets/Kitchen Collection 2/Models/Cup 1.FBX using Guid(db83498b171c6514f86fe13f0eef1c2e) Importer(2089858483,0ecaa5967403d082aa24f35e1b516d23) [PhysX] Initialized MultithreadedTaskDispatcher with 32 workers.
 -> (artifact id: '911140c0b09be7ed4e4e717c90a5bc1d') in 0.011761 seconds
Number of updated asset objects reloaded before import = 0
Number of asset objects unloaded after import = 7
========================================================================
Received Import Request.
  Time since last request: 0.000032 seconds.
  path: Assets/Kitchen Collection 2/Prefabs/Apricot.prefab
  artifactKey: Guid(e39c0b215b01c8243b4091444fe066ad) Importer(2089858483,0ecaa5967403d082aa24f35e1b516d23)
Start importing Assets/Kitchen Collection 2/Prefabs/Apricot.prefab using Guid(e39c0b215b01c8243b4091444fe066ad) Importer(2089858483,0ecaa5967403d082aa24f35e1b516d23) [PhysX] Initialized MultithreadedTaskDispatcher with 32 workers.
 -> (artifact id: 'ceaa01d8a691068cf29d8a8b1a961b5c') in 0.008044 seconds
Number of updated asset objects reloaded before import = 0
Number of asset objects unloaded after import = 7
========================================================================
Received Import Request.
  Time since last request: 0.000070 seconds.
  path: Assets/Kitchen Collection 2/Prefabs/Door.prefab
  artifactKey: Guid(a8c78417be2815646921fcc4aad6081f) Importer(2089858483,0ecaa5967403d082aa24f35e1b516d23)
Start importing Assets/Kitchen Collection 2/Prefabs/Door.prefab using Guid(a8c78417be2815646921fcc4aad6081f) Importer(2089858483,0ecaa5967403d082aa24f35e1b516d23) [PhysX] Initialized MultithreadedTaskDispatcher with 32 workers.
 -> (artifact id: '6d43dda08b680d93f69021a3c0998d32') in 0.005318 seconds
Number of updated asset objects reloaded before import = 0
Number of asset objects unloaded after import = 15
========================================================================
Received Import Request.
  Time since last request: 0.000018 seconds.
  path: Assets/Kitchen Collection 2/Prefabs/Kitchen Furniture 1.prefab
  artifactKey: Guid(b77cf86c9c43ebe46b774b8042973087) Importer(2089858483,0ecaa5967403d082aa24f35e1b516d23)
Start importing Assets/Kitchen Collection 2/Prefabs/Kitchen Furniture 1.prefab using Guid(b77cf86c9c43ebe46b774b8042973087) Importer(2089858483,0ecaa5967403d082aa24f35e1b516d23) [PhysX] Initialized MultithreadedTaskDispatcher with 32 workers.
 -> (artifact id: '9a60f37b7797c27ba21a1e43c0b53cea') in 0.008599 seconds
Number of updated asset objects reloaded before import = 0
Number of asset objects unloaded after import = 7
========================================================================
Received Import Request.
  Time since last request: 0.000022 seconds.
  path: Assets/HQ Laptop/Textures/diffuse_d.tga
  artifactKey: Guid(94d8d5732cdfa2b40a5431f6e55df43c) Importer(2089858483,0ecaa5967403d082aa24f35e1b516d23)
Start importing Assets/HQ Laptop/Textures/diffuse_d.tga using Guid(94d8d5732cdfa2b40a5431f6e55df43c) Importer(2089858483,0ecaa5967403d082aa24f35e1b516d23) [PhysX] Initialized MultithreadedTaskDispatcher with 32 workers.
 -> (artifact id: '0babc114b027a0bbcc2220da418dbd08') in 0.023538 seconds
Number of updated asset objects reloaded before import = 0
Number of asset objects unloaded after import = 1
========================================================================
Received Import Request.
  Time since last request: 0.000222 seconds.
  path: Assets/fbx/fbx/vi.prefab
  artifactKey: Guid(207b655ed4051414ba1c0791d277fbbc) Importer(2089858483,0ecaa5967403d082aa24f35e1b516d23)
Start importing Assets/fbx/fbx/vi.prefab using Guid(207b655ed4051414ba1c0791d277fbbc) Importer(2089858483,0ecaa5967403d082aa24f35e1b516d23) [PhysX] Initialized MultithreadedTaskDispatcher with 32 workers.
 -> (artifact id: '95b06b0a10a481f7bf99827bb3d8e967') in 0.035148 seconds
Number of updated asset objects reloaded before import = 0
Number of asset objects unloaded after import = 863
========================================================================
Received Import Request.
  Time since last request: 0.017103 seconds.
  path: Assets/Kitchen Collection 2/Models/Bin.FBX
  artifactKey: Guid(7f212696594b6334b9b8fe59f394b27e) Importer(2089858483,0ecaa5967403d082aa24f35e1b516d23)
Start importing Assets/Kitchen Collection 2/Models/Bin.FBX using Guid(7f212696594b6334b9b8fe59f394b27e) Importer(2089858483,0ecaa5967403d082aa24f35e1b516d23) [PhysX] Initialized MultithreadedTaskDispatcher with 32 workers.
 -> (artifact id: 'f339e2622fec1f965727e4bd02618b2a') in 0.013476 seconds
Number of updated asset objects reloaded before import = 0
Number of asset objects unloaded after import = 7
========================================================================
Received Import Request.
  Time since last request: 0.015572 seconds.
  path: Assets/Kitchen Collection 2/Models/Column.FBX
  artifactKey: Guid(1f9ed27e9755dd343832dc6bddcb2ec1) Importer(2089858483,0ecaa5967403d082aa24f35e1b516d23)
Start importing Assets/Kitchen Collection 2/Models/Column.FBX using Guid(1f9ed27e9755dd343832dc6bddcb2ec1) Importer(2089858483,0ecaa5967403d082aa24f35e1b516d23) [PhysX] Initialized MultithreadedTaskDispatcher with 32 workers.
 -> (artifact id: '8a3feffc1c5dda94c469bb634b908f0b') in 0.010273 seconds
Number of updated asset objects reloaded before import = 0
Number of asset objects unloaded after import = 7
========================================================================
Received Import Request.
  Time since last request: 0.000021 seconds.
  path: Assets/Kitchen Collection 2/Prefabs/Cloth.prefab
  artifactKey: Guid(2e9915867eedbbb41b4c31a63a8a66bf) Importer(2089858483,0ecaa5967403d082aa24f35e1b516d23)
Start importing Assets/Kitchen Collection 2/Prefabs/Cloth.prefab using Guid(2e9915867eedbbb41b4c31a63a8a66bf) Importer(2089858483,0ecaa5967403d082aa24f35e1b516d23) [PhysX] Initialized MultithreadedTaskDispatcher with 32 workers.
 -> (artifact id: 'c33d93eda01335e1aa76ba0281b85b7a') in 0.009412 seconds
Number of updated asset objects reloaded before import = 0
Number of asset objects unloaded after import = 7
========================================================================
Received Import Request.
  Time since last request: 0.000075 seconds.
  path: Assets/Kitchen Collection 2/Models/Tiles.FBX
  artifactKey: Guid(f49193cc4b6550041a9b25b759bcc068) Importer(2089858483,0ecaa5967403d082aa24f35e1b516d23)
Start importing Assets/Kitchen Collection 2/Models/Tiles.FBX using Guid(f49193cc4b6550041a9b25b759bcc068) Importer(2089858483,0ecaa5967403d082aa24f35e1b516d23) [PhysX] Initialized MultithreadedTaskDispatcher with 32 workers.
 -> (artifact id: 'b63e56ed126677f118380108911e4dad') in 0.012193 seconds
Number of updated asset objects reloaded before import = 0
Number of asset objects unloaded after import = 7
========================================================================
Received Import Request.
  Time since last request: 0.000018 seconds.
  path: Assets/Kitchen Collection 2/Models/Picture 4.FBX
  artifactKey: Guid(1f9cdeac0f173824db16b7c95176f8aa) Importer(2089858483,0ecaa5967403d082aa24f35e1b516d23)
Start importing Assets/Kitchen Collection 2/Models/Picture 4.FBX using Guid(1f9cdeac0f173824db16b7c95176f8aa) Importer(2089858483,0ecaa5967403d082aa24f35e1b516d23) [PhysX] Initialized MultithreadedTaskDispatcher with 32 workers.
 -> (artifact id: '44d2f9745872543c6eed68c89914ba02') in 0.012966 seconds
Number of updated asset objects reloaded before import = 0
Number of asset objects unloaded after import = 7
========================================================================
Received Import Request.
  Time since last request: 0.000019 seconds.
  path: Assets/Kitchen Collection 2/Models/Vase 2.FBX
  artifactKey: Guid(4868cdab3f98ceb4ebd69a13930fd6b2) Importer(2089858483,0ecaa5967403d082aa24f35e1b516d23)
Start importing Assets/Kitchen Collection 2/Models/Vase 2.FBX using Guid(4868cdab3f98ceb4ebd69a13930fd6b2) Importer(2089858483,0ecaa5967403d082aa24f35e1b516d23) [PhysX] Initialized MultithreadedTaskDispatcher with 32 workers.
 -> (artifact id: 'c547de635dac798d0a4cb136f0eeb841') in 0.012922 seconds
Number of updated asset objects reloaded before import = 0
Number of asset objects unloaded after import = 7
========================================================================
Received Import Request.
  Time since last request: 0.000019 seconds.
  path: Assets/Kitchen Collection 2/Models/Curtain.FBX
  artifactKey: Guid(45f6faff327c8fb4491415e782a1d65b) Importer(2089858483,0ecaa5967403d082aa24f35e1b516d23)
Start importing Assets/Kitchen Collection 2/Models/Curtain.FBX using Guid(45f6faff327c8fb4491415e782a1d65b) Importer(2089858483,0ecaa5967403d082aa24f35e1b516d23) [PhysX] Initialized MultithreadedTaskDispatcher with 32 workers.
 -> (artifact id: '001c92724b092c84556a73ba34b786d7') in 0.012242 seconds
Number of updated asset objects reloaded before import = 0
Number of asset objects unloaded after import = 7
========================================================================
Received Import Request.
  Time since last request: 0.000019 seconds.
  path: Assets/Kitchen Collection 2/Models/Vase 4.FBX
  artifactKey: Guid(605e101ec782a7d4eb434aba819086e1) Importer(2089858483,0ecaa5967403d082aa24f35e1b516d23)
Start importing Assets/Kitchen Collection 2/Models/Vase 4.FBX using Guid(605e101ec782a7d4eb434aba819086e1) Importer(2089858483,0ecaa5967403d082aa24f35e1b516d23) [PhysX] Initialized MultithreadedTaskDispatcher with 32 workers.
 -> (artifact id: '110dda4d8272d5c5ac98ee640dbf192b') in 0.011033 seconds
Number of updated asset objects reloaded before import = 0
Number of asset objects unloaded after import = 7
========================================================================
Received Import Request.
  Time since last request: 0.000388 seconds.
  path: Assets/HQ Laptop/Laptop_white.prefab
  artifactKey: Guid(fec0b93bb0c53f443bf3177dd2a03d4c) Importer(2089858483,0ecaa5967403d082aa24f35e1b516d23)
Start importing Assets/HQ Laptop/Laptop_white.prefab using Guid(fec0b93bb0c53f443bf3177dd2a03d4c) Importer(2089858483,0ecaa5967403d082aa24f35e1b516d23) [PhysX] Initialized MultithreadedTaskDispatcher with 32 workers.
 -> (artifact id: 'b2b15fd7652ce9233e1b1e88f000b45a') in 0.011298 seconds
Number of updated asset objects reloaded before import = 0
Number of asset objects unloaded after import = 7
========================================================================
Received Import Request.
  Time since last request: 0.000018 seconds.
  path: Assets/Kitchen Collection 2/Models/Utensil 2.FBX
  artifactKey: Guid(a45068aa469a6204c843caddb840ec29) Importer(2089858483,0ecaa5967403d082aa24f35e1b516d23)
Start importing Assets/Kitchen Collection 2/Models/Utensil 2.FBX using Guid(a45068aa469a6204c843caddb840ec29) Importer(2089858483,0ecaa5967403d082aa24f35e1b516d23) [PhysX] Initialized MultithreadedTaskDispatcher with 32 workers.
 -> (artifact id: 'e8daa08d6f53b92a1c00975f85eafc96') in 0.019064 seconds
Number of updated asset objects reloaded before import = 0
Number of asset objects unloaded after import = 7
========================================================================
Received Import Request.
  Time since last request: 0.000056 seconds.
  path: Assets/Kitchen Collection 2/Models/Apricot.FBX
  artifactKey: Guid(7e76e7daa8824f64babfebce3d996d87) Importer(2089858483,0ecaa5967403d082aa24f35e1b516d23)
Start importing Assets/Kitchen Collection 2/Models/Apricot.FBX using Guid(7e76e7daa8824f64babfebce3d996d87) Importer(2089858483,0ecaa5967403d082aa24f35e1b516d23) [PhysX] Initialized MultithreadedTaskDispatcher with 32 workers.
 -> (artifact id: 'a81f48ce739390b867713b71dad3c275') in 0.010453 seconds
Number of updated asset objects reloaded before import = 0
Number of asset objects unloaded after import = 7
========================================================================
Received Import Request.
  Time since last request: 0.000040 seconds.
  path: Assets/Kitchen Collection 2/Models/Dishes.FBX
  artifactKey: Guid(65cb6772881912946828969a8c573252) Importer(2089858483,0ecaa5967403d082aa24f35e1b516d23)
Start importing Assets/Kitchen Collection 2/Models/Dishes.FBX using Guid(65cb6772881912946828969a8c573252) Importer(2089858483,0ecaa5967403d082aa24f35e1b516d23) [PhysX] Initialized MultithreadedTaskDispatcher with 32 workers.
 -> (artifact id: 'd1c7ae2ca3aca1e2d79362ca3bc483b1') in 0.019826 seconds
Number of updated asset objects reloaded before import = 0
Number of asset objects unloaded after import = 19
========================================================================
Received Import Request.
  Time since last request: 0.000019 seconds.
  path: Assets/Kitchen Collection 2/Models/Kitchen Furniture 1.FBX
  artifactKey: Guid(c33a4d2bc142c84409c15e385cd3075f) Importer(2089858483,0ecaa5967403d082aa24f35e1b516d23)
Start importing Assets/Kitchen Collection 2/Models/Kitchen Furniture 1.FBX using Guid(c33a4d2bc142c84409c15e385cd3075f) Importer(2089858483,0ecaa5967403d082aa24f35e1b516d23) [PhysX] Initialized MultithreadedTaskDispatcher with 32 workers.
 -> (artifact id: '1388f0c8125b26a18d939f7956b01f09') in 0.012143 seconds
Number of updated asset objects reloaded before import = 0
Number of asset objects unloaded after import = 7
========================================================================
Received Import Request.
  Time since last request: 0.000040 seconds.
  path: Assets/Kitchen Collection 2/Models/Vase 1.FBX
  artifactKey: Guid(433936ac7a802bf428045aa685d6eefa) Importer(2089858483,0ecaa5967403d082aa24f35e1b516d23)
Start importing Assets/Kitchen Collection 2/Models/Vase 1.FBX using Guid(433936ac7a802bf428045aa685d6eefa) Importer(2089858483,0ecaa5967403d082aa24f35e1b516d23) [PhysX] Initialized MultithreadedTaskDispatcher with 32 workers.
 -> (artifact id: 'd43efdb1f6e348342d4885bf6174da49') in 0.011767 seconds
Number of updated asset objects reloaded before import = 0
Number of asset objects unloaded after import = 7
========================================================================
Received Import Request.
  Time since last request: 0.000020 seconds.
  path: Assets/Kitchen Collection 2/Models/Roses.FBX
  artifactKey: Guid(56432d9cae89ab947b61d95b3b0fb5d4) Importer(2089858483,0ecaa5967403d082aa24f35e1b516d23)
Start importing Assets/Kitchen Collection 2/Models/Roses.FBX using Guid(56432d9cae89ab947b61d95b3b0fb5d4) Importer(2089858483,0ecaa5967403d082aa24f35e1b516d23) [PhysX] Initialized MultithreadedTaskDispatcher with 32 workers.
 -> (artifact id: '8c98879ef2f25a5dc416f4044f7113e4') in 0.022539 seconds
Number of updated asset objects reloaded before import = 0
Number of asset objects unloaded after import = 7
========================================================================
Received Import Request.
  Time since last request: 0.000019 seconds.
  path: Assets/Kitchen Collection 2/Prefabs/Chair.prefab
  artifactKey: Guid(47b6b4e1fcfccc24fab865950b107875) Importer(2089858483,0ecaa5967403d082aa24f35e1b516d23)
Start importing Assets/Kitchen Collection 2/Prefabs/Chair.prefab using Guid(47b6b4e1fcfccc24fab865950b107875) Importer(2089858483,0ecaa5967403d082aa24f35e1b516d23) [PhysX] Initialized MultithreadedTaskDispatcher with 32 workers.
 -> (artifact id: '629eb6fa3f23b68a44d32fcfa2bac812') in 0.008721 seconds
Number of updated asset objects reloaded before import = 0
Number of asset objects unloaded after import = 7
========================================================================
Received Import Request.
  Time since last request: 0.000053 seconds.
  path: Assets/Kitchen Collection 2/Prefabs/Carpet.prefab
  artifactKey: Guid(0cec51faf80007a489153ef4c291b2da) Importer(2089858483,0ecaa5967403d082aa24f35e1b516d23)
Start importing Assets/Kitchen Collection 2/Prefabs/Carpet.prefab using Guid(0cec51faf80007a489153ef4c291b2da) Importer(2089858483,0ecaa5967403d082aa24f35e1b516d23) [PhysX] Initialized MultithreadedTaskDispatcher with 32 workers.
 -> (artifact id: '5d02c0e97e957f1fefd47f80da2dcfcb') in 0.006982 seconds
Number of updated asset objects reloaded before import = 0
Number of asset objects unloaded after import = 7
========================================================================
Received Import Request.
  Time since last request: 0.000078 seconds.
  path: Assets/Scripts/TurnTo.cs
  artifactKey: Guid(1ff604bb0e968ca47a5b60750ebcdb34) Importer(2089858483,0ecaa5967403d082aa24f35e1b516d23)
Start importing Assets/Scripts/TurnTo.cs using Guid(1ff604bb0e968ca47a5b60750ebcdb34) Importer(2089858483,0ecaa5967403d082aa24f35e1b516d23) [PhysX] Initialized MultithreadedTaskDispatcher with 32 workers.
 -> (artifact id: '4dae641e0e50b848fc977ff6f3ab4b53') in 0.004723 seconds
Number of updated asset objects reloaded before import = 0
Number of asset objects unloaded after import = 1
========================================================================
Received Import Request.
  Time since last request: 0.000055 seconds.
  path: Assets/Kitchen Collection 2/Models/Picture 1.FBX
  artifactKey: Guid(e175589d4bf52c6459f03055711805cb) Importer(2089858483,0ecaa5967403d082aa24f35e1b516d23)
Start importing Assets/Kitchen Collection 2/Models/Picture 1.FBX using Guid(e175589d4bf52c6459f03055711805cb) Importer(2089858483,0ecaa5967403d082aa24f35e1b516d23) [PhysX] Initialized MultithreadedTaskDispatcher with 32 workers.
 -> (artifact id: '377e08d289eb584c8e76ee5d56ea55dc') in 0.012117 seconds
Number of updated asset objects reloaded before import = 0
Number of asset objects unloaded after import = 7
========================================================================
Received Import Request.
  Time since last request: 0.000018 seconds.
  path: Assets/HQ Laptop/Textures/e.tga
  artifactKey: Guid(6e3b20038b92b78429c2d54e7f481b34) Importer(2089858483,0ecaa5967403d082aa24f35e1b516d23)
Start importing Assets/HQ Laptop/Textures/e.tga using Guid(6e3b20038b92b78429c2d54e7f481b34) Importer(2089858483,0ecaa5967403d082aa24f35e1b516d23) [PhysX] Initialized MultithreadedTaskDispatcher with 32 workers.
 -> (artifact id: 'c55309894b8d55146e96edef66e75e05') in 0.009875 seconds
Number of updated asset objects reloaded before import = 0
Number of asset objects unloaded after import = 1
========================================================================
Received Import Request.
  Time since last request: 0.000078 seconds.
  path: Assets/Scenes/MainScenes.unity
  artifactKey: Guid(e13f4ddc685fbc94e8691a5ae75ce0e9) Importer(2089858483,0ecaa5967403d082aa24f35e1b516d23)
Start importing Assets/Scenes/MainScenes.unity using Guid(e13f4ddc685fbc94e8691a5ae75ce0e9) Importer(2089858483,0ecaa5967403d082aa24f35e1b516d23) [PhysX] Initialized MultithreadedTaskDispatcher with 32 workers.
 -> (artifact id: '0cc4f2d505252dcb6dccb7589575621a') in 0.013767 seconds
Number of updated asset objects reloaded before import = 0
Number of asset objects unloaded after import = 1
========================================================================
Received Import Request.
  Time since last request: 0.000108 seconds.
  path: Assets/Kitchen Collection 2/Prefabs/Glass 1.prefab
  artifactKey: Guid(4d1b2a6b20a858a4583dbbb7fae7a30f) Importer(2089858483,0ecaa5967403d082aa24f35e1b516d23)
Start importing Assets/Kitchen Collection 2/Prefabs/Glass 1.prefab using Guid(4d1b2a6b20a858a4583dbbb7fae7a30f) Importer(2089858483,0ecaa5967403d082aa24f35e1b516d23) [PhysX] Initialized MultithreadedTaskDispatcher with 32 workers.
 -> (artifact id: '93e5f5831e4a7d91deefe85b803aa3c4') in 0.011741 seconds
Number of updated asset objects reloaded before import = 0
Number of asset objects unloaded after import = 7
========================================================================
Received Import Request.
  Time since last request: 0.000017 seconds.
  path: Assets/Kitchen Collection 2/Models/Apple.FBX
  artifactKey: Guid(e42a36acfb9b25f469bb8be4aac13ba8) Importer(2089858483,0ecaa5967403d082aa24f35e1b516d23)
Start importing Assets/Kitchen Collection 2/Models/Apple.FBX using Guid(e42a36acfb9b25f469bb8be4aac13ba8) Importer(2089858483,0ecaa5967403d082aa24f35e1b516d23) [PhysX] Initialized MultithreadedTaskDispatcher with 32 workers.
 -> (artifact id: 'a27ea388b127ac2bef4bef80a4e60f75') in 0.042665 seconds
Number of updated asset objects reloaded before import = 0
Number of asset objects unloaded after import = 7
========================================================================
Received Import Request.
  Time since last request: 0.000427 seconds.
  path: Assets/Kitchen Collection 2/Prefabs/Glass 3.prefab
  artifactKey: Guid(6581f3e10d593094583622d38b667296) Importer(2089858483,0ecaa5967403d082aa24f35e1b516d23)
Start importing Assets/Kitchen Collection 2/Prefabs/Glass 3.prefab using Guid(6581f3e10d593094583622d38b667296) Importer(2089858483,0ecaa5967403d082aa24f35e1b516d23) [PhysX] Initialized MultithreadedTaskDispatcher with 32 workers.
 -> (artifact id: '9d41f8662bbf4091417c4c50c5e3e848') in 0.027454 seconds
Number of updated asset objects reloaded before import = 0
Number of asset objects unloaded after import = 7
========================================================================
Received Import Request.
  Time since last request: 0.002002 seconds.
  path: Assets/Kitchen Collection 2/Textures/oven.png
  artifactKey: Guid(a9438d23e769bd94e83fac6c44a36771) Importer(2089858483,0ecaa5967403d082aa24f35e1b516d23)
Start importing Assets/Kitchen Collection 2/Textures/oven.png using Guid(a9438d23e769bd94e83fac6c44a36771) Importer(2089858483,0ecaa5967403d082aa24f35e1b516d23) [PhysX] Initialized MultithreadedTaskDispatcher with 32 workers.
 -> (artifact id: 'ee0b8c4e490c401fcb854c9a85e063b4') in 0.022576 seconds
Number of updated asset objects reloaded before import = 0
Number of asset objects unloaded after import = 1
========================================================================
Received Import Request.
  Time since last request: 0.001355 seconds.
  path: Assets/Kitchen Collection 2/Prefabs/Tomato.prefab
  artifactKey: Guid(e692abf62d0b19d4b8c44fe5d4c63928) Importer(2089858483,0ecaa5967403d082aa24f35e1b516d23)
Start importing Assets/Kitchen Collection 2/Prefabs/Tomato.prefab using Guid(e692abf62d0b19d4b8c44fe5d4c63928) Importer(2089858483,0ecaa5967403d082aa24f35e1b516d23) [PhysX] Initialized MultithreadedTaskDispatcher with 32 workers.
 -> (artifact id: 'e0b68031c41a489b4bb4dec7fae22f69') in 0.010711 seconds
Number of updated asset objects reloaded before import = 0
Number of asset objects unloaded after import = 7
========================================================================
Received Import Request.
  Time since last request: 0.000019 seconds.
  path: Assets/Kitchen Collection 2/Prefabs/Recipes.prefab
  artifactKey: Guid(0ec9de36ba2d0d7418099056a2fa3090) Importer(2089858483,0ecaa5967403d082aa24f35e1b516d23)
Start importing Assets/Kitchen Collection 2/Prefabs/Recipes.prefab using Guid(0ec9de36ba2d0d7418099056a2fa3090) Importer(2089858483,0ecaa5967403d082aa24f35e1b516d23) [PhysX] Initialized MultithreadedTaskDispatcher with 32 workers.
 -> (artifact id: 'f15cafbc6f8c9e5442451660aedb923e') in 0.006822 seconds
Number of updated asset objects reloaded before import = 0
Number of asset objects unloaded after import = 7
========================================================================
Received Import Request.
  Time since last request: 0.000066 seconds.
  path: Assets/Kitchen Collection 2/Textures/dishwasher.png
  artifactKey: Guid(ae81751a6d01aae4ea0731ca600ead6f) Importer(2089858483,0ecaa5967403d082aa24f35e1b516d23)
Start importing Assets/Kitchen Collection 2/Textures/dishwasher.png using Guid(ae81751a6d01aae4ea0731ca600ead6f) Importer(2089858483,0ecaa5967403d082aa24f35e1b516d23) [PhysX] Initialized MultithreadedTaskDispatcher with 32 workers.
 -> (artifact id: '06b062c2baaf93df78c79d98dd0a1e46') in 0.011757 seconds
Number of updated asset objects reloaded before import = 0
Number of asset objects unloaded after import = 1
========================================================================
Received Import Request.
  Time since last request: 0.000166 seconds.
  path: Assets/Kitchen Collection 2/Prefabs/Pictures.prefab
  artifactKey: Guid(c4a9600ae4ec1cc45800755570d052db) Importer(2089858483,0ecaa5967403d082aa24f35e1b516d23)
Start importing Assets/Kitchen Collection 2/Prefabs/Pictures.prefab using Guid(c4a9600ae4ec1cc45800755570d052db) Importer(2089858483,0ecaa5967403d082aa24f35e1b516d23) [PhysX] Initialized MultithreadedTaskDispatcher with 32 workers.
 -> (artifact id: 'bd33befba8317ffc8578310abe7f4312') in 0.014338 seconds
Number of updated asset objects reloaded before import = 0
Number of asset objects unloaded after import = 7
========================================================================
Received Import Request.
  Time since last request: 0.000020 seconds.
  path: Assets/Kitchen Collection 2/Textures/land N.png
  artifactKey: Guid(61d9ab151bed76f4f8513466db3a4449) Importer(2089858483,0ecaa5967403d082aa24f35e1b516d23)
Start importing Assets/Kitchen Collection 2/Textures/land N.png using Guid(61d9ab151bed76f4f8513466db3a4449) Importer(2089858483,0ecaa5967403d082aa24f35e1b516d23) [PhysX] Initialized MultithreadedTaskDispatcher with 32 workers.
 -> (artifact id: 'cca3621684daf2b5bf6ce9b951dfda47') in 0.012076 seconds
Number of updated asset objects reloaded before import = 0
Number of asset objects unloaded after import = 1
========================================================================
Received Import Request.
  Time since last request: 0.000082 seconds.
  path: Assets/Kitchen Collection 2/Textures/Microwave N.png
  artifactKey: Guid(ce15369424d43184ba2fdf2889a6730a) Importer(2089858483,0ecaa5967403d082aa24f35e1b516d23)
Start importing Assets/Kitchen Collection 2/Textures/Microwave N.png using Guid(ce15369424d43184ba2fdf2889a6730a) Importer(2089858483,0ecaa5967403d082aa24f35e1b516d23) [PhysX] Initialized MultithreadedTaskDispatcher with 32 workers.
 -> (artifact id: 'efbef9637328a5ca049e23433fdb2183') in 0.015080 seconds
Number of updated asset objects reloaded before import = 0
Number of asset objects unloaded after import = 1
========================================================================
Received Import Request.
  Time since last request: 0.000056 seconds.
  path: Assets/Kitchen Collection 2/Textures/leaf 2.png
  artifactKey: Guid(95cbd2b2bfb4e0041902d9ac9dcb01a1) Importer(2089858483,0ecaa5967403d082aa24f35e1b516d23)
Start importing Assets/Kitchen Collection 2/Textures/leaf 2.png using Guid(95cbd2b2bfb4e0041902d9ac9dcb01a1) Importer(2089858483,0ecaa5967403d082aa24f35e1b516d23) [PhysX] Initialized MultithreadedTaskDispatcher with 32 workers.
 -> (artifact id: 'a803fc50028027808e8c0b69c8f5e8ec') in 0.013751 seconds
Number of updated asset objects reloaded before import = 0
Number of asset objects unloaded after import = 1
========================================================================
Received Import Request.
  Time since last request: 0.000034 seconds.
  path: Assets/Kitchen Collection 2/Prefabs/Milk.prefab
  artifactKey: Guid(4ee10be2441baca4a87bc845e039b7b0) Importer(2089858483,0ecaa5967403d082aa24f35e1b516d23)
Start importing Assets/Kitchen Collection 2/Prefabs/Milk.prefab using Guid(4ee10be2441baca4a87bc845e039b7b0) Importer(2089858483,0ecaa5967403d082aa24f35e1b516d23) [PhysX] Initialized MultithreadedTaskDispatcher with 32 workers.
 -> (artifact id: '5a454feda90c7190487604193a708445') in 0.005967 seconds
Number of updated asset objects reloaded before import = 0
Number of asset objects unloaded after import = 19
========================================================================
Received Import Request.
  Time since last request: 0.000018 seconds.
  path: Assets/Kitchen Collection 2/Textures/floor N.png
  artifactKey: Guid(4c73b6a6173b0104eaff9fe3625e4cae) Importer(2089858483,0ecaa5967403d082aa24f35e1b516d23)
Start importing Assets/Kitchen Collection 2/Textures/floor N.png using Guid(4c73b6a6173b0104eaff9fe3625e4cae) Importer(2089858483,0ecaa5967403d082aa24f35e1b516d23) [PhysX] Initialized MultithreadedTaskDispatcher with 32 workers.
 -> (artifact id: '140ddac5502bd2213666a548210b14e1') in 0.013331 seconds
Number of updated asset objects reloaded before import = 0
Number of asset objects unloaded after import = 1
========================================================================
Received Import Request.
  Time since last request: 0.000043 seconds.
  path: Assets/Kitchen Collection 2/Textures/feeder.png
  artifactKey: Guid(aa21a1f7a7172fc4f9ca1aaf91f18a4e) Importer(2089858483,0ecaa5967403d082aa24f35e1b516d23)
Start importing Assets/Kitchen Collection 2/Textures/feeder.png using Guid(aa21a1f7a7172fc4f9ca1aaf91f18a4e) Importer(2089858483,0ecaa5967403d082aa24f35e1b516d23) [PhysX] Initialized MultithreadedTaskDispatcher with 32 workers.
 -> (artifact id: '5e14ddc30e0de6618355e5e47e0559a0') in 0.014937 seconds
Number of updated asset objects reloaded before import = 0
Number of asset objects unloaded after import = 1
========================================================================
Received Import Request.
  Time since last request: 0.000066 seconds.
  path: Assets/Kitchen Collection 2/Textures/grass.png
  artifactKey: Guid(56a783d5d22bd6d4fbc7e663dc5c99df) Importer(2089858483,0ecaa5967403d082aa24f35e1b516d23)
Start importing Assets/Kitchen Collection 2/Textures/grass.png using Guid(56a783d5d22bd6d4fbc7e663dc5c99df) Importer(2089858483,0ecaa5967403d082aa24f35e1b516d23) [PhysX] Initialized MultithreadedTaskDispatcher with 32 workers.
 -> (artifact id: '1b5e64c1aef041d62c2eebeb678e51fb') in 0.018053 seconds
Number of updated asset objects reloaded before import = 0
Number of asset objects unloaded after import = 1
========================================================================
Received Import Request.
  Time since last request: 0.000092 seconds.
  path: Assets/Kitchen Collection 2/Prefabs/Sideboard.prefab
  artifactKey: Guid(b7879b9d6e70f7d43b0ddba1f9068a46) Importer(2089858483,0ecaa5967403d082aa24f35e1b516d23)
Start importing Assets/Kitchen Collection 2/Prefabs/Sideboard.prefab using Guid(b7879b9d6e70f7d43b0ddba1f9068a46) Importer(2089858483,0ecaa5967403d082aa24f35e1b516d23) [PhysX] Initialized MultithreadedTaskDispatcher with 32 workers.
 -> (artifact id: '79537fe0831337e314559b02a84f658a') in 0.015751 seconds
Number of updated asset objects reloaded before import = 0
Number of asset objects unloaded after import = 7
========================================================================
Received Import Request.
  Time since last request: 0.000093 seconds.
  path: Assets/Kitchen Collection 2/Prefabs/Lemon 2.prefab
  artifactKey: Guid(ca7267f2783ad3c469e5520dfaf5ec99) Importer(2089858483,0ecaa5967403d082aa24f35e1b516d23)
Start importing Assets/Kitchen Collection 2/Prefabs/Lemon 2.prefab using Guid(ca7267f2783ad3c469e5520dfaf5ec99) Importer(2089858483,0ecaa5967403d082aa24f35e1b516d23) [PhysX] Initialized MultithreadedTaskDispatcher with 32 workers.
 -> (artifact id: '7955049b3727d0ada61ed5933ea0aeb0') in 0.007128 seconds
Number of updated asset objects reloaded before import = 0
Number of asset objects unloaded after import = 7
========================================================================
Received Import Request.
  Time since last request: 0.000018 seconds.
  path: Assets/Kitchen Collection 2/Prefabs/Oven.prefab
  artifactKey: Guid(c75cbb289b18f3b43852d3627ee5c577) Importer(2089858483,0ecaa5967403d082aa24f35e1b516d23)
Start importing Assets/Kitchen Collection 2/Prefabs/Oven.prefab using Guid(c75cbb289b18f3b43852d3627ee5c577) Importer(2089858483,0ecaa5967403d082aa24f35e1b516d23) [PhysX] Initialized MultithreadedTaskDispatcher with 32 workers.
 -> (artifact id: '218f19e9268822d32ce6984cf7cecd47') in 0.007846 seconds
Number of updated asset objects reloaded before import = 0
Number of asset objects unloaded after import = 7
========================================================================
Received Import Request.
  Time since last request: 0.000021 seconds.
  path: Assets/Kitchen Collection 2/Textures/Exhaust hood.png
  artifactKey: Guid(b19c98833fa51a44a8c7cadce880f503) Importer(2089858483,0ecaa5967403d082aa24f35e1b516d23)
Start importing Assets/Kitchen Collection 2/Textures/Exhaust hood.png using Guid(b19c98833fa51a44a8c7cadce880f503) Importer(2089858483,0ecaa5967403d082aa24f35e1b516d23) [PhysX] Initialized MultithreadedTaskDispatcher with 32 workers.
 -> (artifact id: 'a6b7c75653e85714a68b153d91dac573') in 0.009498 seconds
Number of updated asset objects reloaded before import = 0
Number of asset objects unloaded after import = 1
========================================================================
Received Import Request.
  Time since last request: 0.000030 seconds.
  path: Assets/Kitchen Collection 2/Textures/dishes.png
  artifactKey: Guid(5cd60b57545660f45bcb9c97b410aaed) Importer(2089858483,0ecaa5967403d082aa24f35e1b516d23)
Start importing Assets/Kitchen Collection 2/Textures/dishes.png using Guid(5cd60b57545660f45bcb9c97b410aaed) Importer(2089858483,0ecaa5967403d082aa24f35e1b516d23) [PhysX] Initialized MultithreadedTaskDispatcher with 32 workers.
 -> (artifact id: '19b1803985c2cf213dbbe2f0c9382268') in 0.020102 seconds
Number of updated asset objects reloaded before import = 0
Number of asset objects unloaded after import = 1
========================================================================
Received Import Request.
  Time since last request: 0.000087 seconds.
  path: Assets/Kitchen Collection 2/Textures/fabric 1.png
  artifactKey: Guid(2745b6f42c11ca4458c0319e1840080b) Importer(2089858483,0ecaa5967403d082aa24f35e1b516d23)
Start importing Assets/Kitchen Collection 2/Textures/fabric 1.png using Guid(2745b6f42c11ca4458c0319e1840080b) Importer(2089858483,0ecaa5967403d082aa24f35e1b516d23) [PhysX] Initialized MultithreadedTaskDispatcher with 32 workers.
 -> (artifact id: 'c7fa84a19d92ac98c0fa71f2dafbaf39') in 0.011474 seconds
Number of updated asset objects reloaded before import = 0
Number of asset objects unloaded after import = 1
========================================================================
Received Import Request.
  Time since last request: 0.000036 seconds.
  path: Assets/Kitchen Collection 2/Prefabs/Wall 4.prefab
  artifactKey: Guid(c0e0fa16d2af6ae49b2dce991c12861a) Importer(2089858483,0ecaa5967403d082aa24f35e1b516d23)
Start importing Assets/Kitchen Collection 2/Prefabs/Wall 4.prefab using Guid(c0e0fa16d2af6ae49b2dce991c12861a) Importer(2089858483,0ecaa5967403d082aa24f35e1b516d23) [PhysX] Initialized MultithreadedTaskDispatcher with 32 workers.
 -> (artifact id: 'f42dcf539d30ac451b50c843e2670f14') in 0.009383 seconds
Number of updated asset objects reloaded before import = 0
Number of asset objects unloaded after import = 7
========================================================================
Received Import Request.
  Time since last request: 0.000036 seconds.
  path: Assets/Kitchen Collection 2/Prefabs/Table.prefab
  artifactKey: Guid(77aede80b7451a64eb49fdf3c8afa900) Importer(2089858483,0ecaa5967403d082aa24f35e1b516d23)
Start importing Assets/Kitchen Collection 2/Prefabs/Table.prefab using Guid(77aede80b7451a64eb49fdf3c8afa900) Importer(2089858483,0ecaa5967403d082aa24f35e1b516d23) [PhysX] Initialized MultithreadedTaskDispatcher with 32 workers.
 -> (artifact id: '8939a3c59d1c9abe699f9dfce9d35567') in 0.008252 seconds
Number of updated asset objects reloaded before import = 0
Number of asset objects unloaded after import = 7
========================================================================
Received Import Request.
  Time since last request: 0.000019 seconds.
  path: Assets/Kitchen Collection 2/Prefabs/Wall 1.prefab
  artifactKey: Guid(7146620820e8ff34f8e19d9ceebe5dff) Importer(2089858483,0ecaa5967403d082aa24f35e1b516d23)
Start importing Assets/Kitchen Collection 2/Prefabs/Wall 1.prefab using Guid(7146620820e8ff34f8e19d9ceebe5dff) Importer(2089858483,0ecaa5967403d082aa24f35e1b516d23) [PhysX] Initialized MultithreadedTaskDispatcher with 32 workers.
 -> (artifact id: '69362419c989fb7061bd7a16fdec3022') in 0.006954 seconds
Number of updated asset objects reloaded before import = 0
Number of asset objects unloaded after import = 7
========================================================================
Received Import Request.
  Time since last request: 0.000060 seconds.
  path: Assets/Kitchen Collection 2/Textures/fabric2.png
  artifactKey: Guid(03a3f980f08e7a94fa4c4351c6bfa5fc) Importer(2089858483,0ecaa5967403d082aa24f35e1b516d23)
Start importing Assets/Kitchen Collection 2/Textures/fabric2.png using Guid(03a3f980f08e7a94fa4c4351c6bfa5fc) Importer(2089858483,0ecaa5967403d082aa24f35e1b516d23) [PhysX] Initialized MultithreadedTaskDispatcher with 32 workers.
 -> (artifact id: '7e25860758a53a6acd65eec69c669965') in 0.022392 seconds
Number of updated asset objects reloaded before import = 0
Number of asset objects unloaded after import = 1
========================================================================
Received Import Request.
  Time since last request: 0.000019 seconds.
  path: Assets/Kitchen Collection 2/Prefabs/Switch.prefab
  artifactKey: Guid(464cd6453504bf24e804bcd9cd6fb2fe) Importer(2089858483,0ecaa5967403d082aa24f35e1b516d23)
Start importing Assets/Kitchen Collection 2/Prefabs/Switch.prefab using Guid(464cd6453504bf24e804bcd9cd6fb2fe) Importer(2089858483,0ecaa5967403d082aa24f35e1b516d23) [PhysX] Initialized MultithreadedTaskDispatcher with 32 workers.
 -> (artifact id: '52d93ab3b607a368603a40799c0a5336') in 0.008050 seconds
Number of updated asset objects reloaded before import = 0
Number of asset objects unloaded after import = 7
========================================================================
Received Import Request.
  Time since last request: 0.000017 seconds.
  path: Assets/Kitchen Collection 2/Prefabs/Utensils.prefab
  artifactKey: Guid(7eb0953a9c57bb84fa461447c924e889) Importer(2089858483,0ecaa5967403d082aa24f35e1b516d23)
Start importing Assets/Kitchen Collection 2/Prefabs/Utensils.prefab using Guid(7eb0953a9c57bb84fa461447c924e889) Importer(2089858483,0ecaa5967403d082aa24f35e1b516d23) [PhysX] Initialized MultithreadedTaskDispatcher with 32 workers.
 -> (artifact id: 'd639861d81bb183585e4ad96129e22b4') in 0.006033 seconds
Number of updated asset objects reloaded before import = 0
Number of asset objects unloaded after import = 19
========================================================================
Received Import Request.
  Time since last request: 0.000105 seconds.
  path: Assets/Kitchen Collection 2/Prefabs/Roses.prefab
  artifactKey: Guid(b8e5586f31e5e124c8bd8d8c61e346e0) Importer(2089858483,0ecaa5967403d082aa24f35e1b516d23)
Start importing Assets/Kitchen Collection 2/Prefabs/Roses.prefab using Guid(b8e5586f31e5e124c8bd8d8c61e346e0) Importer(2089858483,0ecaa5967403d082aa24f35e1b516d23) [PhysX] Initialized MultithreadedTaskDispatcher with 32 workers.
 -> (artifact id: '0fd5569380b2e08c5c0f0a40dccc06c1') in 0.007514 seconds
Number of updated asset objects reloaded before import = 0
Number of asset objects unloaded after import = 7
========================================================================
Received Import Request.
  Time since last request: 0.000019 seconds.
  path: Assets/Kitchen Collection 2/Textures/land.png
  artifactKey: Guid(8a89722902ec26149bf86a42db38d03c) Importer(2089858483,0ecaa5967403d082aa24f35e1b516d23)
Start importing Assets/Kitchen Collection 2/Textures/land.png using Guid(8a89722902ec26149bf86a42db38d03c) Importer(2089858483,0ecaa5967403d082aa24f35e1b516d23) [PhysX] Initialized MultithreadedTaskDispatcher with 32 workers.
 -> (artifact id: '547676eb32cb4ac52ea9938e4829d30f') in 0.013722 seconds
Number of updated asset objects reloaded before import = 0
Number of asset objects unloaded after import = 1
========================================================================
Received Import Request.
  Time since last request: 0.000019 seconds.
  path: Assets/Kitchen Collection 2/Textures/Leaf 3 N.png
  artifactKey: Guid(4a4d2417bb406e34db90180d1dbbc9cd) Importer(2089858483,0ecaa5967403d082aa24f35e1b516d23)
Start importing Assets/Kitchen Collection 2/Textures/Leaf 3 N.png using Guid(4a4d2417bb406e34db90180d1dbbc9cd) Importer(2089858483,0ecaa5967403d082aa24f35e1b516d23) [PhysX] Initialized MultithreadedTaskDispatcher with 32 workers.
 -> (artifact id: 'c030d1fb1d38acb5e3ffcd1540e1f333') in 0.012270 seconds
Number of updated asset objects reloaded before import = 0
Number of asset objects unloaded after import = 1
========================================================================
Received Import Request.
  Time since last request: 0.000102 seconds.
  path: Assets/Kitchen Collection 2/Prefabs/Picture 4.prefab
  artifactKey: Guid(851ee89173e59114f8cc370e48a02a6a) Importer(2089858483,0ecaa5967403d082aa24f35e1b516d23)
Start importing Assets/Kitchen Collection 2/Prefabs/Picture 4.prefab using Guid(851ee89173e59114f8cc370e48a02a6a) Importer(2089858483,0ecaa5967403d082aa24f35e1b516d23) [PhysX] Initialized MultithreadedTaskDispatcher with 32 workers.
 -> (artifact id: '501b05ce0bee30b135ebded23e261d0f') in 0.010243 seconds
Number of updated asset objects reloaded before import = 0
Number of asset objects unloaded after import = 7
========================================================================
Received Import Request.
  Time since last request: 0.000021 seconds.
  path: Assets/Kitchen Collection 2/Textures/leaf 1.png
  artifactKey: Guid(cb8ae87c9fad73e4aad095b87ad34b0e) Importer(2089858483,0ecaa5967403d082aa24f35e1b516d23)
Start importing Assets/Kitchen Collection 2/Textures/leaf 1.png using Guid(cb8ae87c9fad73e4aad095b87ad34b0e) Importer(2089858483,0ecaa5967403d082aa24f35e1b516d23) [PhysX] Initialized MultithreadedTaskDispatcher with 32 workers.
 -> (artifact id: 'db3ed7c9288f2b2be075adedea7c0ee8') in 0.011247 seconds
Number of updated asset objects reloaded before import = 0
Number of asset objects unloaded after import = 1
========================================================================
Received Import Request.
  Time since last request: 0.000138 seconds.
  path: Assets/Kitchen Collection 2/Textures/lemon.png
  artifactKey: Guid(29b63728d118a0141ad450140b114635) Importer(2089858483,0ecaa5967403d082aa24f35e1b516d23)
Start importing Assets/Kitchen Collection 2/Textures/lemon.png using Guid(29b63728d118a0141ad450140b114635) Importer(2089858483,0ecaa5967403d082aa24f35e1b516d23) [PhysX] Initialized MultithreadedTaskDispatcher with 32 workers.
 -> (artifact id: '78ba72c8ec8973f316dc93bf62792487') in 0.009342 seconds
Number of updated asset objects reloaded before import = 0
Number of asset objects unloaded after import = 1
========================================================================
Received Import Request.
  Time since last request: 0.000061 seconds.
  path: Assets/Kitchen Collection 2/Textures/fabric 3.png
  artifactKey: Guid(3188c2f864db1b64a8be400a10a5505a) Importer(2089858483,0ecaa5967403d082aa24f35e1b516d23)
Start importing Assets/Kitchen Collection 2/Textures/fabric 3.png using Guid(3188c2f864db1b64a8be400a10a5505a) Importer(2089858483,0ecaa5967403d082aa24f35e1b516d23) [PhysX] Initialized MultithreadedTaskDispatcher with 32 workers.
 -> (artifact id: '49f06ba91a126bc27e4f77733e6dcf03') in 0.012675 seconds
Number of updated asset objects reloaded before import = 0
Number of asset objects unloaded after import = 1
========================================================================
Received Import Request.
  Time since last request: 0.000222 seconds.
  path: Assets/Kitchen Collection 2/Prefabs/Picture 1.prefab
  artifactKey: Guid(dc887aec899dc454c914aaac59a3d137) Importer(2089858483,0ecaa5967403d082aa24f35e1b516d23)
Start importing Assets/Kitchen Collection 2/Prefabs/Picture 1.prefab using Guid(dc887aec899dc454c914aaac59a3d137) Importer(2089858483,0ecaa5967403d082aa24f35e1b516d23) [PhysX] Initialized MultithreadedTaskDispatcher with 32 workers.
 -> (artifact id: 'feece7996d03207327c5ec05d8ff54fa') in 0.028246 seconds
Number of updated asset objects reloaded before import = 0
Number of asset objects unloaded after import = 7
========================================================================
Received Import Request.
  Time since last request: 0.000022 seconds.
  path: Assets/Kitchen Collection 2/Textures/pictures.png
  artifactKey: Guid(bf259c866d95c1f4a93ed3f55165de8f) Importer(2089858483,0ecaa5967403d082aa24f35e1b516d23)
Start importing Assets/Kitchen Collection 2/Textures/pictures.png using Guid(bf259c866d95c1f4a93ed3f55165de8f) Importer(2089858483,0ecaa5967403d082aa24f35e1b516d23) [PhysX] Initialized MultithreadedTaskDispatcher with 32 workers.
 -> (artifact id: 'b2d190049a5219311b1d3998620020b9') in 0.037855 seconds
Number of updated asset objects reloaded before import = 0
Number of asset objects unloaded after import = 1
========================================================================
Received Import Request.
  Time since last request: 0.000920 seconds.
  path: Assets/Kitchen Collection 2/Prefabs/Microwave.prefab
  artifactKey: Guid(be5fa829752882247b5a3291febecc0d) Importer(2089858483,0ecaa5967403d082aa24f35e1b516d23)
Start importing Assets/Kitchen Collection 2/Prefabs/Microwave.prefab using Guid(be5fa829752882247b5a3291febecc0d) Importer(2089858483,0ecaa5967403d082aa24f35e1b516d23) [PhysX] Initialized MultithreadedTaskDispatcher with 32 workers.
 -> (artifact id: '5bf21dfd6b8d21042de50ad56bbb6efb') in 0.008380 seconds
Number of updated asset objects reloaded before import = 0
Number of asset objects unloaded after import = 7
========================================================================
Received Import Request.
  Time since last request: 0.000018 seconds.
  path: Assets/Kitchen Collection 2/Textures/floor.png
  artifactKey: Guid(d33c1c4370b8a8c4a9e2a8804e421fb0) Importer(2089858483,0ecaa5967403d082aa24f35e1b516d23)
Start importing Assets/Kitchen Collection 2/Textures/floor.png using Guid(d33c1c4370b8a8c4a9e2a8804e421fb0) Importer(2089858483,0ecaa5967403d082aa24f35e1b516d23) [PhysX] Initialized MultithreadedTaskDispatcher with 32 workers.
 -> (artifact id: 'a6d87fd2c43676e7c0c5fd711e763e6a') in 0.015835 seconds
Number of updated asset objects reloaded before import = 0
Number of asset objects unloaded after import = 1
========================================================================
Received Import Request.
  Time since last request: 0.000032 seconds.
  path: Assets/Kitchen Collection 2/Textures/fabric2 n.png
  artifactKey: Guid(4ce744d3ea43ae1458bb43d6478bac08) Importer(2089858483,0ecaa5967403d082aa24f35e1b516d23)
Start importing Assets/Kitchen Collection 2/Textures/fabric2 n.png using Guid(4ce744d3ea43ae1458bb43d6478bac08) Importer(2089858483,0ecaa5967403d082aa24f35e1b516d23) [PhysX] Initialized MultithreadedTaskDispatcher with 32 workers.
 -> (artifact id: '577d00c5a4a589e73b0e588b3cc537bc') in 0.013066 seconds
Number of updated asset objects reloaded before import = 0
Number of asset objects unloaded after import = 1
========================================================================
Received Import Request.
  Time since last request: 0.000017 seconds.
  path: Assets/Kitchen Collection 2/Prefabs/Picture 2.prefab
  artifactKey: Guid(dabbe748f2a8c484daf5d2695eca4b5d) Importer(2089858483,0ecaa5967403d082aa24f35e1b516d23)
Start importing Assets/Kitchen Collection 2/Prefabs/Picture 2.prefab using Guid(dabbe748f2a8c484daf5d2695eca4b5d) Importer(2089858483,0ecaa5967403d082aa24f35e1b516d23) [PhysX] Initialized MultithreadedTaskDispatcher with 32 workers.
 -> (artifact id: '48fc21f640ba8ab19cdf6306428d52a9') in 0.024925 seconds
Number of updated asset objects reloaded before import = 0
Number of asset objects unloaded after import = 7
========================================================================
Received Import Request.
  Time since last request: 0.000055 seconds.
  path: Assets/Kitchen Collection 2/Textures/apricot N.png
  artifactKey: Guid(8d52415787b6bf9479a63dd3cf924839) Importer(2089858483,0ecaa5967403d082aa24f35e1b516d23)
Start importing Assets/Kitchen Collection 2/Textures/apricot N.png using Guid(8d52415787b6bf9479a63dd3cf924839) Importer(2089858483,0ecaa5967403d082aa24f35e1b516d23) [PhysX] Initialized MultithreadedTaskDispatcher with 32 workers.
 -> (artifact id: '2dc63b4dc3b755f7f50c7af1c5eb7796') in 0.012545 seconds
Number of updated asset objects reloaded before import = 0
Number of asset objects unloaded after import = 1
========================================================================
Received Import Request.
  Time since last request: 0.000045 seconds.
  path: Assets/Kitchen Collection 2/Prefabs/Vase 3.prefab
  artifactKey: Guid(2758ba8cf06bb164bb118b3f0af370eb) Importer(2089858483,0ecaa5967403d082aa24f35e1b516d23)
Start importing Assets/Kitchen Collection 2/Prefabs/Vase 3.prefab using Guid(2758ba8cf06bb164bb118b3f0af370eb) Importer(2089858483,0ecaa5967403d082aa24f35e1b516d23) [PhysX] Initialized MultithreadedTaskDispatcher with 32 workers.
 -> (artifact id: 'c11ef031244dae67a01849dd751a4d8d') in 0.006204 seconds
Number of updated asset objects reloaded before import = 0
Number of asset objects unloaded after import = 7
========================================================================
Received Import Request.
  Time since last request: 0.000038 seconds.
  path: Assets/Kitchen Collection 2/Prefabs/Wall 3.prefab
  artifactKey: Guid(2dec6bfe277241549a11ee430c2562f2) Importer(2089858483,0ecaa5967403d082aa24f35e1b516d23)
Start importing Assets/Kitchen Collection 2/Prefabs/Wall 3.prefab using Guid(2dec6bfe277241549a11ee430c2562f2) Importer(2089858483,0ecaa5967403d082aa24f35e1b516d23) [PhysX] Initialized MultithreadedTaskDispatcher with 32 workers.
 -> (artifact id: '25524b325fd731d965b2289c694f7da3') in 0.009255 seconds
Number of updated asset objects reloaded before import = 0
Number of asset objects unloaded after import = 7
========================================================================
Received Import Request.
  Time since last request: 0.000157 seconds.
  path: Assets/Kitchen Collection 2/Prefabs/Stool.prefab
  artifactKey: Guid(9d09ac7efeb3c5e4cbaa7da9c696c53d) Importer(2089858483,0ecaa5967403d082aa24f35e1b516d23)
Start importing Assets/Kitchen Collection 2/Prefabs/Stool.prefab using Guid(9d09ac7efeb3c5e4cbaa7da9c696c53d) Importer(2089858483,0ecaa5967403d082aa24f35e1b516d23) [PhysX] Initialized MultithreadedTaskDispatcher with 32 workers.
 -> (artifact id: 'aa4c62e4e6ce0cea5b8209e746a0e49c') in 0.007587 seconds
Number of updated asset objects reloaded before import = 0
Number of asset objects unloaded after import = 7
========================================================================
Received Import Request.
  Time since last request: 0.000019 seconds.
  path: Assets/Kitchen Collection 2/Prefabs/Tiles.prefab
  artifactKey: Guid(3b3a45598f15e454aae03dbbacdea250) Importer(2089858483,0ecaa5967403d082aa24f35e1b516d23)
Start importing Assets/Kitchen Collection 2/Prefabs/Tiles.prefab using Guid(3b3a45598f15e454aae03dbbacdea250) Importer(2089858483,0ecaa5967403d082aa24f35e1b516d23) [PhysX] Initialized MultithreadedTaskDispatcher with 32 workers.
 -> (artifact id: 'c1fb13dd515cd4618fc94e190dbfffa4') in 0.016855 seconds
Number of updated asset objects reloaded before import = 0
Number of asset objects unloaded after import = 7
========================================================================
Received Import Request.
  Time since last request: 0.000074 seconds.
  path: Assets/Kitchen Collection 2/Prefabs/Utensil 1.prefab
  artifactKey: Guid(6aef34cd58c45ad41a3bf75bb1d75e1b) Importer(2089858483,0ecaa5967403d082aa24f35e1b516d23)
Start importing Assets/Kitchen Collection 2/Prefabs/Utensil 1.prefab using Guid(6aef34cd58c45ad41a3bf75bb1d75e1b) Importer(2089858483,0ecaa5967403d082aa24f35e1b516d23) [PhysX] Initialized MultithreadedTaskDispatcher with 32 workers.
 -> (artifact id: 'b5dc967eac510066e3110666a25edcd3') in 0.006834 seconds
Number of updated asset objects reloaded before import = 0
Number of asset objects unloaded after import = 7
========================================================================
Received Import Request.
  Time since last request: 0.000052 seconds.
  path: Assets/Kitchen_Cooking_FX/Prefabs/Induction_Hob_Glow.prefab
  artifactKey: Guid(6cc3e366162cec147b60dbb15a8437de) Importer(2089858483,0ecaa5967403d082aa24f35e1b516d23)
Start importing Assets/Kitchen_Cooking_FX/Prefabs/Induction_Hob_Glow.prefab using Guid(6cc3e366162cec147b60dbb15a8437de) Importer(2089858483,0ecaa5967403d082aa24f35e1b516d23) [PhysX] Initialized MultithreadedTaskDispatcher with 32 workers.
 -> (artifact id: '5cb6ba251856357f49707a858b900490') in 0.129840 seconds
Number of updated asset objects reloaded before import = 0
Number of asset objects unloaded after import = 6
========================================================================
Received Import Request.
  Time since last request: 0.001367 seconds.
  path: Assets/Kitchen Collection 2/Textures/wood 7.png
  artifactKey: Guid(d60f7a08f1a51734591728ec3391fb82) Importer(2089858483,0ecaa5967403d082aa24f35e1b516d23)
Start importing Assets/Kitchen Collection 2/Textures/wood 7.png using Guid(d60f7a08f1a51734591728ec3391fb82) Importer(2089858483,0ecaa5967403d082aa24f35e1b516d23) [PhysX] Initialized MultithreadedTaskDispatcher with 32 workers.
 -> (artifact id: 'b5bf1611738a5f9d6de51681685f3b51') in 0.012293 seconds
Number of updated asset objects reloaded before import = 0
Number of asset objects unloaded after import = 1
========================================================================
Received Import Request.
  Time since last request: 0.000058 seconds.
  path: Assets/Kitchen Collection 2/Textures/wood 6.png
  artifactKey: Guid(fa505a11eb9f542449b977d87a208288) Importer(2089858483,0ecaa5967403d082aa24f35e1b516d23)
Start importing Assets/Kitchen Collection 2/Textures/wood 6.png using Guid(fa505a11eb9f542449b977d87a208288) Importer(2089858483,0ecaa5967403d082aa24f35e1b516d23) [PhysX] Initialized MultithreadedTaskDispatcher with 32 workers.
 -> (artifact id: '67e5ee272151edca5967897f96da702e') in 0.011192 seconds
Number of updated asset objects reloaded before import = 0
Number of asset objects unloaded after import = 1
========================================================================
Received Import Request.
  Time since last request: 0.000097 seconds.
  path: Assets/Kitchen_Cooking_FX/Textures/Surface_Bubbles_TextureSheet_Lowres.tif
  artifactKey: Guid(355f84b30c99e354aaa4efc252505fd3) Importer(2089858483,0ecaa5967403d082aa24f35e1b516d23)
Start importing Assets/Kitchen_Cooking_FX/Textures/Surface_Bubbles_TextureSheet_Lowres.tif using Guid(355f84b30c99e354aaa4efc252505fd3) Importer(2089858483,0ecaa5967403d082aa24f35e1b516d23) [PhysX] Initialized MultithreadedTaskDispatcher with 32 workers.
 -> (artifact id: '480765dd624c5a6bb70246481ea78e7e') in 0.014686 seconds
Number of updated asset objects reloaded before import = 0
Number of asset objects unloaded after import = 1
========================================================================
Received Import Request.
  Time since last request: 0.000085 seconds.
  path: Assets/Kitchen_Cooking_FX/Textures/Gas_Hob_Flames_TextureSheet.tif
  artifactKey: Guid(03d18fd8dea49434da890a29a35069cd) Importer(2089858483,0ecaa5967403d082aa24f35e1b516d23)
Start importing Assets/Kitchen_Cooking_FX/Textures/Gas_Hob_Flames_TextureSheet.tif using Guid(03d18fd8dea49434da890a29a35069cd) Importer(2089858483,0ecaa5967403d082aa24f35e1b516d23) [PhysX] Initialized MultithreadedTaskDispatcher with 32 workers.
 -> (artifact id: '44be40535983d18f8b50ad4052abc5c3') in 0.035460 seconds
Number of updated asset objects reloaded before import = 0
Number of asset objects unloaded after import = 1
========================================================================
Received Import Request.
  Time since last request: 0.043952 seconds.
  path: Assets/Kitchen_Cooking_FX/Textures/Tap_Water_TextureSheet.tif
  artifactKey: Guid(556c3cdd1752782468c458aa1dbe09ca) Importer(2089858483,0ecaa5967403d082aa24f35e1b516d23)
Start importing Assets/Kitchen_Cooking_FX/Textures/Tap_Water_TextureSheet.tif using Guid(556c3cdd1752782468c458aa1dbe09ca) Importer(2089858483,0ecaa5967403d082aa24f35e1b516d23) [PhysX] Initialized MultithreadedTaskDispatcher with 32 workers.
 -> (artifact id: '86d4b456143c0e7804ff6f3da815403f') in 0.029671 seconds
Number of updated asset objects reloaded before import = 0
Number of asset objects unloaded after import = 1
========================================================================
Received Import Request.
  Time since last request: 0.007679 seconds.
  path: Assets/Kitchen_Cooking_FX/FBX/Sink_Water.fbx
  artifactKey: Guid(acfea9ace5b73cc41964cd3d65aed0cf) Importer(2089858483,0ecaa5967403d082aa24f35e1b516d23)
Start importing Assets/Kitchen_Cooking_FX/FBX/Sink_Water.fbx using Guid(acfea9ace5b73cc41964cd3d65aed0cf) Importer(2089858483,0ecaa5967403d082aa24f35e1b516d23) [PhysX] Initialized MultithreadedTaskDispatcher with 32 workers.
 -> (artifact id: '2263da63ec177a5f23dcaa953ef1a19e') in 0.026385 seconds
Number of updated asset objects reloaded before import = 0
Number of asset objects unloaded after import = 9
========================================================================
Received Import Request.
  Time since last request: 0.001066 seconds.
  path: Assets/Kitchen Collection 2/Textures/wood 8 N.png
  artifactKey: Guid(35d969d48b16e99448e72006039ae9e4) Importer(2089858483,0ecaa5967403d082aa24f35e1b516d23)
Start importing Assets/Kitchen Collection 2/Textures/wood 8 N.png using Guid(35d969d48b16e99448e72006039ae9e4) Importer(2089858483,0ecaa5967403d082aa24f35e1b516d23) [PhysX] Initialized MultithreadedTaskDispatcher with 32 workers.
 -> (artifact id: '43257a94d0a1660b898edb4c6b34d81a') in 0.012789 seconds
Number of updated asset objects reloaded before import = 0
Number of asset objects unloaded after import = 1
========================================================================
Received Import Request.
  Time since last request: 0.000063 seconds.
  path: Assets/Kitchen Collection 2/Textures/wood 2.png
  artifactKey: Guid(26c065631c2f41441b13b6a68b36346c) Importer(2089858483,0ecaa5967403d082aa24f35e1b516d23)
Start importing Assets/Kitchen Collection 2/Textures/wood 2.png using Guid(26c065631c2f41441b13b6a68b36346c) Importer(2089858483,0ecaa5967403d082aa24f35e1b516d23) [PhysX] Initialized MultithreadedTaskDispatcher with 32 workers.
 -> (artifact id: 'ace5def966305dc6b19db61dc25d37e3') in 0.011999 seconds
Number of updated asset objects reloaded before import = 0
Number of asset objects unloaded after import = 1
========================================================================
Received Import Request.
  Time since last request: 0.000101 seconds.
  path: Assets/Kitchen_Cooking_FX/Prefabs/Gas_Hob_Audio.prefab
  artifactKey: Guid(d3cbe1d7b38a453489dc4e0e03a9eaa5) Importer(2089858483,0ecaa5967403d082aa24f35e1b516d23)
Start importing Assets/Kitchen_Cooking_FX/Prefabs/Gas_Hob_Audio.prefab using Guid(d3cbe1d7b38a453489dc4e0e03a9eaa5) Importer(2089858483,0ecaa5967403d082aa24f35e1b516d23) [PhysX] Initialized MultithreadedTaskDispatcher with 32 workers.
 -> (artifact id: 'c9699c1c98a6ce6b1cbab8093e505319') in 0.042316 seconds
Number of updated asset objects reloaded before import = 0
Number of asset objects unloaded after import = 6
========================================================================
Received Import Request.
  Time since last request: 0.006450 seconds.
  path: Assets/Kitchen Collection 2/Textures/plants.png
  artifactKey: Guid(d10b1c6a2ea8e6744a88d9c8d71e5ca7) Importer(2089858483,0ecaa5967403d082aa24f35e1b516d23)
Start importing Assets/Kitchen Collection 2/Textures/plants.png using Guid(d10b1c6a2ea8e6744a88d9c8d71e5ca7) Importer(2089858483,0ecaa5967403d082aa24f35e1b516d23) [PhysX] Initialized MultithreadedTaskDispatcher with 32 workers.
 -> (artifact id: 'c741518c2cb4e4d8011f1db159661a9f') in 0.009818 seconds
Number of updated asset objects reloaded before import = 0
Number of asset objects unloaded after import = 1
========================================================================
Received Import Request.
  Time since last request: 0.003589 seconds.
  path: Assets/Kitchen_Cooking_FX/FBX/Sink_Water_Animated.fbx
  artifactKey: Guid(589893e547ca1574c861aa84498fcc5d) Importer(2089858483,0ecaa5967403d082aa24f35e1b516d23)
Start importing Assets/Kitchen_Cooking_FX/FBX/Sink_Water_Animated.fbx using Guid(589893e547ca1574c861aa84498fcc5d) Importer(2089858483,0ecaa5967403d082aa24f35e1b516d23) [PhysX] Initialized MultithreadedTaskDispatcher with 32 workers.
 -> (artifact id: '721908157e3872b4fa869b2f97ec8e99') in 0.049754 seconds
Number of updated asset objects reloaded before import = 0
Number of asset objects unloaded after import = 10
========================================================================
Received Import Request.
  Time since last request: 0.026390 seconds.
  path: Assets/Kitchen Collection 2/Textures/wood 7 N.png
  artifactKey: Guid(8efeab1eea85ef24291b6f0db67507f1) Importer(2089858483,0ecaa5967403d082aa24f35e1b516d23)
Start importing Assets/Kitchen Collection 2/Textures/wood 7 N.png using Guid(8efeab1eea85ef24291b6f0db67507f1) Importer(2089858483,0ecaa5967403d082aa24f35e1b516d23) [PhysX] Initialized MultithreadedTaskDispatcher with 32 workers.
 -> (artifact id: 'dcabfc7fac094b0332e43f2dec08cc82') in 0.031071 seconds
Number of updated asset objects reloaded before import = 0
Number of asset objects unloaded after import = 1
========================================================================
Received Import Request.
  Time since last request: 0.043302 seconds.
  path: Assets/TextMesh Pro/Resources/LineBreaking Leading Characters.txt
  artifactKey: Guid(d82c1b31c7e74239bff1220585707d2b) Importer(2089858483,0ecaa5967403d082aa24f35e1b516d23)
Start importing Assets/TextMesh Pro/Resources/LineBreaking Leading Characters.txt using Guid(d82c1b31c7e74239bff1220585707d2b) Importer(2089858483,0ecaa5967403d082aa24f35e1b516d23) [PhysX] Initialized MultithreadedTaskDispatcher with 32 workers.
 -> (artifact id: '5a8037549df3603ebf3182ff91dc25a8') in 0.004225 seconds
Number of updated asset objects reloaded before import = 0
Number of asset objects unloaded after import = 1
========================================================================
Received Import Request.
  Time since last request: 0.001318 seconds.
  path: Assets/TextMesh Pro/Shaders/TMPro_Mobile.cginc
  artifactKey: Guid(c334973cef89a9840b0b0c507e0377ab) Importer(2089858483,0ecaa5967403d082aa24f35e1b516d23)
Start importing Assets/TextMesh Pro/Shaders/TMPro_Mobile.cginc using Guid(c334973cef89a9840b0b0c507e0377ab) Importer(2089858483,0ecaa5967403d082aa24f35e1b516d23) [PhysX] Initialized MultithreadedTaskDispatcher with 32 workers.
 -> (artifact id: '06bdc2d137087c5e4801865c09512302') in 0.005970 seconds
Number of updated asset objects reloaded before import = 0
Number of asset objects unloaded after import = 1
========================================================================
Received Import Request.
  Time since last request: 0.000052 seconds.
  path: Assets/TextMesh Pro/Shaders/TMP_SDF-Surface-Mobile.shader
  artifactKey: Guid(85187c2149c549c5b33f0cdb02836b17) Importer(2089858483,0ecaa5967403d082aa24f35e1b516d23)
Start importing Assets/TextMesh Pro/Shaders/TMP_SDF-Surface-Mobile.shader using Guid(85187c2149c549c5b33f0cdb02836b17) Importer(2089858483,0ecaa5967403d082aa24f35e1b516d23) [PhysX] Initialized MultithreadedTaskDispatcher with 32 workers.
 -> (artifact id: '324cd8873198f9399eaa6ece156e7b7d') in 0.018610 seconds
Number of updated asset objects reloaded before import = 0
Number of asset objects unloaded after import = 1
========================================================================
Received Import Request.
  Time since last request: 0.002039 seconds.
  path: Assets/TextMesh Pro/Shaders/TMP_SDF-Mobile Overlay.shader
  artifactKey: Guid(a02a7d8c237544f1962732b55a9aebf1) Importer(2089858483,0ecaa5967403d082aa24f35e1b516d23)
Start importing Assets/TextMesh Pro/Shaders/TMP_SDF-Mobile Overlay.shader using Guid(a02a7d8c237544f1962732b55a9aebf1) Importer(2089858483,0ecaa5967403d082aa24f35e1b516d23) [PhysX] Initialized MultithreadedTaskDispatcher with 32 workers.
 -> (artifact id: '1b78ec9b68fd573a935d7476140f59ed') in 0.008305 seconds
Number of updated asset objects reloaded before import = 0
Number of asset objects unloaded after import = 1
========================================================================
Received Import Request.
  Time since last request: 0.000144 seconds.
  path: Assets/TextMesh Pro/Sprites/EmojiOne.png
  artifactKey: Guid(dffef66376be4fa480fb02b19edbe903) Importer(2089858483,0ecaa5967403d082aa24f35e1b516d23)
Start importing Assets/TextMesh Pro/Sprites/EmojiOne.png using Guid(dffef66376be4fa480fb02b19edbe903) Importer(2089858483,0ecaa5967403d082aa24f35e1b516d23) [PhysX] Initialized MultithreadedTaskDispatcher with 32 workers.
 -> (artifact id: 'bdb68d691747fc8675853a90bb7049a2') in 0.011962 seconds
Number of updated asset objects reloaded before import = 0
Number of asset objects unloaded after import = 1
========================================================================
Received Import Request.
  Time since last request: 0.000075 seconds.
  path: Assets/TextMesh Pro/Documentation/TextMesh Pro User Guide 2016.pdf
  artifactKey: Guid(1b8d251f9af63b746bf2f7ffe00ebb9b) Importer(2089858483,0ecaa5967403d082aa24f35e1b516d23)
Start importing Assets/TextMesh Pro/Documentation/TextMesh Pro User Guide 2016.pdf using Guid(1b8d251f9af63b746bf2f7ffe00ebb9b) Importer(2089858483,0ecaa5967403d082aa24f35e1b516d23) [PhysX] Initialized MultithreadedTaskDispatcher with 32 workers.
 -> (artifact id: '4a5e527bf4abee088f071b60dcae5396') in 0.003863 seconds
Number of updated asset objects reloaded before import = 0
Number of asset objects unloaded after import = 1
========================================================================
Received Import Request.
  Time since last request: 0.000190 seconds.
  path: Assets/TaskSystem/Picture/任务.png
  artifactKey: Guid(0bec0e998d336f049b1838dd876a3941) Importer(2089858483,0ecaa5967403d082aa24f35e1b516d23)
Start importing Assets/TaskSystem/Picture/任务.png using Guid(0bec0e998d336f049b1838dd876a3941) Importer(2089858483,0ecaa5967403d082aa24f35e1b516d23) [PhysX] Initialized MultithreadedTaskDispatcher with 32 workers.
 -> (artifact id: '46d2ef8975437fff8a32c397413ccf80') in 0.014437 seconds
Number of updated asset objects reloaded before import = 0
Number of asset objects unloaded after import = 3
========================================================================
Received Import Request.
  Time since last request: 0.000019 seconds.
  path: Assets/Kitchen Collection 2/Textures/vases.png
  artifactKey: Guid(b72fb1f343973834dbf9b1db01d7fed7) Importer(2089858483,0ecaa5967403d082aa24f35e1b516d23)
Start importing Assets/Kitchen Collection 2/Textures/vases.png using Guid(b72fb1f343973834dbf9b1db01d7fed7) Importer(2089858483,0ecaa5967403d082aa24f35e1b516d23) [PhysX] Initialized MultithreadedTaskDispatcher with 32 workers.
 -> (artifact id: 'd42dfdf0491d330d594b971be4b80525') in 0.010960 seconds
Number of updated asset objects reloaded before import = 0
Number of asset objects unloaded after import = 1
========================================================================
Received Import Request.
  Time since last request: 0.000078 seconds.
  path: Assets/TextMesh Pro/Shaders/TMP_Sprite.shader
  artifactKey: Guid(cf81c85f95fe47e1a27f6ae460cf182c) Importer(2089858483,0ecaa5967403d082aa24f35e1b516d23)
Start importing Assets/TextMesh Pro/Shaders/TMP_Sprite.shader using Guid(cf81c85f95fe47e1a27f6ae460cf182c) Importer(2089858483,0ecaa5967403d082aa24f35e1b516d23) [PhysX] Initialized MultithreadedTaskDispatcher with 32 workers.
 -> (artifact id: '053dfd96c9679c1e4a9730f89f462a8f') in 0.006026 seconds
Number of updated asset objects reloaded before import = 0
Number of asset objects unloaded after import = 1
========================================================================
Received Import Request.
  Time since last request: 0.000154 seconds.
  path: Assets/Kitchen Collection 2/Textures/white door.png
  artifactKey: Guid(0518d846290e49744b9d7c237e147dc4) Importer(2089858483,0ecaa5967403d082aa24f35e1b516d23)
Start importing Assets/Kitchen Collection 2/Textures/white door.png using Guid(0518d846290e49744b9d7c237e147dc4) Importer(2089858483,0ecaa5967403d082aa24f35e1b516d23) [PhysX] Initialized MultithreadedTaskDispatcher with 32 workers.
 -> (artifact id: 'e7acffff3baa2e239f7c498a042061e4') in 0.012197 seconds
Number of updated asset objects reloaded before import = 0
Number of asset objects unloaded after import = 1
========================================================================
Received Import Request.
  Time since last request: 0.000316 seconds.
  path: Assets/Kitchen Collection 2/Textures/red plastic.png
  artifactKey: Guid(c5503bc83bd39ec47b012cc015f0634e) Importer(2089858483,0ecaa5967403d082aa24f35e1b516d23)
Start importing Assets/Kitchen Collection 2/Textures/red plastic.png using Guid(c5503bc83bd39ec47b012cc015f0634e) Importer(2089858483,0ecaa5967403d082aa24f35e1b516d23) [PhysX] Initialized MultithreadedTaskDispatcher with 32 workers.
 -> (artifact id: '2ebc13e80d01d59eeaf8ce7d0ecb4f5d') in 0.011822 seconds
Number of updated asset objects reloaded before import = 0
Number of asset objects unloaded after import = 1
========================================================================
Received Import Request.
  Time since last request: 0.000053 seconds.
  path: Assets/Kitchen_Cooking_FX/Scripts/AnimatedTextureUVs.cs
  artifactKey: Guid(1b16e3536fb144a4dbcf531ad0c8a8b3) Importer(2089858483,0ecaa5967403d082aa24f35e1b516d23)
Start importing Assets/Kitchen_Cooking_FX/Scripts/AnimatedTextureUVs.cs using Guid(1b16e3536fb144a4dbcf531ad0c8a8b3) Importer(2089858483,0ecaa5967403d082aa24f35e1b516d23) [PhysX] Initialized MultithreadedTaskDispatcher with 32 workers.
 -> (artifact id: 'b5706dab9b05e3ea04c2d3761a26c271') in 0.004600 seconds
Number of updated asset objects reloaded before import = 0
Number of asset objects unloaded after import = 1
========================================================================
Received Import Request.
  Time since last request: 0.000054 seconds.
  path: Assets/Kitchen_Cooking_FX/FBX/Gas_Hob_Flames_Mesh.fbx
  artifactKey: Guid(6e39e0925c3e9f74c8bffbb79b55127c) Importer(2089858483,0ecaa5967403d082aa24f35e1b516d23)
Start importing Assets/Kitchen_Cooking_FX/FBX/Gas_Hob_Flames_Mesh.fbx using Guid(6e39e0925c3e9f74c8bffbb79b55127c) Importer(2089858483,0ecaa5967403d082aa24f35e1b516d23) [PhysX] Initialized MultithreadedTaskDispatcher with 32 workers.
 -> (artifact id: '8e8a67d56df1ef8a1519d9285884e71c') in 0.018820 seconds
Number of updated asset objects reloaded before import = 0
Number of asset objects unloaded after import = 9
========================================================================
Received Import Request.
  Time since last request: 0.000018 seconds.
  path: Assets/Kitchen Collection 2/Textures/wood 3 N.png
  artifactKey: Guid(7cb29da9bcee37a4a837ac421166e3e4) Importer(2089858483,0ecaa5967403d082aa24f35e1b516d23)
Start importing Assets/Kitchen Collection 2/Textures/wood 3 N.png using Guid(7cb29da9bcee37a4a837ac421166e3e4) Importer(2089858483,0ecaa5967403d082aa24f35e1b516d23) [PhysX] Initialized MultithreadedTaskDispatcher with 32 workers.
 -> (artifact id: '808280d334296a5123efb5807ad1e80e') in 0.011152 seconds
Number of updated asset objects reloaded before import = 0
Number of asset objects unloaded after import = 1
========================================================================
Received Import Request.
  Time since last request: 0.000158 seconds.
  path: Assets/Kitchen_Cooking_FX/Prefabs/Liquid_Bubbles.prefab
  artifactKey: Guid(232a90ea09f4d14458ac2553a02ca09c) Importer(2089858483,0ecaa5967403d082aa24f35e1b516d23)
Start importing Assets/Kitchen_Cooking_FX/Prefabs/Liquid_Bubbles.prefab using Guid(232a90ea09f4d14458ac2553a02ca09c) Importer(2089858483,0ecaa5967403d082aa24f35e1b516d23) [PhysX] Initialized MultithreadedTaskDispatcher with 32 workers.
 -> (artifact id: 'ed4fb970abc06b23093e47ff6925fb73') in 0.029736 seconds
Number of updated asset objects reloaded before import = 0
Number of asset objects unloaded after import = 6
========================================================================
Received Import Request.
  Time since last request: 0.000018 seconds.
  path: Assets/Kitchen_Cooking_FX/Textures/Induction_Hob_Glow_c.tif
  artifactKey: Guid(5f5d09ba663039642930cbf81b5f4ccb) Importer(2089858483,0ecaa5967403d082aa24f35e1b516d23)
Start importing Assets/Kitchen_Cooking_FX/Textures/Induction_Hob_Glow_c.tif using Guid(5f5d09ba663039642930cbf81b5f4ccb) Importer(2089858483,0ecaa5967403d082aa24f35e1b516d23) [PhysX] Initialized MultithreadedTaskDispatcher with 32 workers.
 -> (artifact id: 'e78be5c6d967d9568c80848b5d2041ac') in 0.011737 seconds
Number of updated asset objects reloaded before import = 0
Number of asset objects unloaded after import = 1
========================================================================
Received Import Request.
  Time since last request: 0.000047 seconds.
  path: Assets/Kitchen Collection 2/Textures/wood 4.png
  artifactKey: Guid(9139d20cef509d641bc67aff4c10939d) Importer(2089858483,0ecaa5967403d082aa24f35e1b516d23)
Start importing Assets/Kitchen Collection 2/Textures/wood 4.png using Guid(9139d20cef509d641bc67aff4c10939d) Importer(2089858483,0ecaa5967403d082aa24f35e1b516d23) [PhysX] Initialized MultithreadedTaskDispatcher with 32 workers.
 -> (artifact id: '1d42dcc47117ea14dbec7e9b3420d2c0') in 0.010733 seconds
Number of updated asset objects reloaded before import = 0
Number of asset objects unloaded after import = 1
========================================================================
Received Import Request.
  Time since last request: 0.000100 seconds.
  path: Assets/TextMesh Pro/Shaders/TMP_SDF Overlay.shader
  artifactKey: Guid(dd89cf5b9246416f84610a006f916af7) Importer(2089858483,0ecaa5967403d082aa24f35e1b516d23)
Start importing Assets/TextMesh Pro/Shaders/TMP_SDF Overlay.shader using Guid(dd89cf5b9246416f84610a006f916af7) Importer(2089858483,0ecaa5967403d082aa24f35e1b516d23) [PhysX] Initialized MultithreadedTaskDispatcher with 32 workers.
 -> (artifact id: 'af6fd808a4d04918f40771f85cbde8f2') in 0.006389 seconds
Number of updated asset objects reloaded before import = 0
Number of asset objects unloaded after import = 1
========================================================================
Received Import Request.
  Time since last request: 0.000017 seconds.
  path: Assets/Kitchen_Cooking_FX/Textures/Steam_TextureSheet.tif
  artifactKey: Guid(e0465c24004d90540b30c602150709bf) Importer(2089858483,0ecaa5967403d082aa24f35e1b516d23)
Start importing Assets/Kitchen_Cooking_FX/Textures/Steam_TextureSheet.tif using Guid(e0465c24004d90540b30c602150709bf) Importer(2089858483,0ecaa5967403d082aa24f35e1b516d23) [PhysX] Initialized MultithreadedTaskDispatcher with 32 workers.
 -> (artifact id: '0566582a6288440b378fb527e40dee90') in 0.021507 seconds
Number of updated asset objects reloaded before import = 0
Number of asset objects unloaded after import = 1
========================================================================
Received Import Request.
  Time since last request: 0.000084 seconds.
  path: Assets/Kitchen_Cooking_FX/Textures/Tap_Water_TextureSheet_Lowres.tif
  artifactKey: Guid(67a83d1f89e0e354d8604fd752f66506) Importer(2089858483,0ecaa5967403d082aa24f35e1b516d23)
Start importing Assets/Kitchen_Cooking_FX/Textures/Tap_Water_TextureSheet_Lowres.tif using Guid(67a83d1f89e0e354d8604fd752f66506) Importer(2089858483,0ecaa5967403d082aa24f35e1b516d23) [PhysX] Initialized MultithreadedTaskDispatcher with 32 workers.
 -> (artifact id: '443711a0cbbd1a27850ccbc6a32acd20') in 0.013794 seconds
Number of updated asset objects reloaded before import = 0
Number of asset objects unloaded after import = 1
========================================================================
Received Import Request.
  Time since last request: 0.000107 seconds.
  path: Assets/Kitchen_Cooking_FX/Prefabs/Saucepan_Steam.prefab
  artifactKey: Guid(0f28c1fd299e29b47ac1b5595370f750) Importer(2089858483,0ecaa5967403d082aa24f35e1b516d23)
Start importing Assets/Kitchen_Cooking_FX/Prefabs/Saucepan_Steam.prefab using Guid(0f28c1fd299e29b47ac1b5595370f750) Importer(2089858483,0ecaa5967403d082aa24f35e1b516d23) [PhysX] Initialized MultithreadedTaskDispatcher with 32 workers.
 -> (artifact id: '17883f3767708a1cb91807136abcc796') in 0.030887 seconds
Number of updated asset objects reloaded before import = 0
Number of asset objects unloaded after import = 6
========================================================================
Received Import Request.
  Time since last request: 0.000018 seconds.
  path: Assets/Kitchen Collection 2/Textures/window.png
  artifactKey: Guid(6a03504c5928c86418755400d744c1e1) Importer(2089858483,0ecaa5967403d082aa24f35e1b516d23)
Start importing Assets/Kitchen Collection 2/Textures/window.png using Guid(6a03504c5928c86418755400d744c1e1) Importer(2089858483,0ecaa5967403d082aa24f35e1b516d23) [PhysX] Initialized MultithreadedTaskDispatcher with 32 workers.
 -> (artifact id: '740e5a97fe01b51cdc6e291761915f4c') in 0.010808 seconds
Number of updated asset objects reloaded before import = 0
Number of asset objects unloaded after import = 1
========================================================================
Received Import Request.
  Time since last request: 0.000184 seconds.
  path: Assets/Kitchen_Cooking_FX/Textures/Sink_Water_TextureSheet_Lowres.tif
  artifactKey: Guid(865ab284d7567cf4d8a7284211e07b79) Importer(2089858483,0ecaa5967403d082aa24f35e1b516d23)
Start importing Assets/Kitchen_Cooking_FX/Textures/Sink_Water_TextureSheet_Lowres.tif using Guid(865ab284d7567cf4d8a7284211e07b79) Importer(2089858483,0ecaa5967403d082aa24f35e1b516d23) [PhysX] Initialized MultithreadedTaskDispatcher with 32 workers.
 -> (artifact id: '01068640efdf7f21e62b3819e82d0899') in 0.012954 seconds
Number of updated asset objects reloaded before import = 0
Number of asset objects unloaded after import = 1
========================================================================
Received Import Request.
  Time since last request: 0.000095 seconds.
  path: Assets/TextMesh Pro/Shaders/TMP_SDF-Mobile SSD.shader
  artifactKey: Guid(c8d12adcee749c344b8117cf7c7eb912) Importer(2089858483,0ecaa5967403d082aa24f35e1b516d23)
Start importing Assets/TextMesh Pro/Shaders/TMP_SDF-Mobile SSD.shader using Guid(c8d12adcee749c344b8117cf7c7eb912) Importer(2089858483,0ecaa5967403d082aa24f35e1b516d23) [PhysX] Initialized MultithreadedTaskDispatcher with 32 workers.
 -> (artifact id: 'e61cc9c8a53d85e57e852430aa176168') in 0.007078 seconds
Number of updated asset objects reloaded before import = 0
Number of asset objects unloaded after import = 1
========================================================================
Received Import Request.
  Time since last request: 0.000068 seconds.
  path: Assets/Kitchen_Cooking_FX/Audio/Bubbling_Liquid_Audio.wav
  artifactKey: Guid(6da206e4365b6444eb92cd42b6a98b52) Importer(2089858483,0ecaa5967403d082aa24f35e1b516d23)
Start importing Assets/Kitchen_Cooking_FX/Audio/Bubbling_Liquid_Audio.wav using Guid(6da206e4365b6444eb92cd42b6a98b52) Importer(2089858483,0ecaa5967403d082aa24f35e1b516d23) [PhysX] Initialized MultithreadedTaskDispatcher with 32 workers.
 -> (artifact id: '4236930f73724564c8035f74f4e3a2b8') in 0.118607 seconds
Number of updated asset objects reloaded before import = 0
Number of asset objects unloaded after import = 1
========================================================================
Received Import Request.
  Time since last request: 0.000572 seconds.
  path: Assets/Kitchen Collection 2/Textures/wood 1.png
  artifactKey: Guid(cbb5c53a98c63c147bee827e4e90f5b2) Importer(2089858483,0ecaa5967403d082aa24f35e1b516d23)
Start importing Assets/Kitchen Collection 2/Textures/wood 1.png using Guid(cbb5c53a98c63c147bee827e4e90f5b2) Importer(2089858483,0ecaa5967403d082aa24f35e1b516d23) [PhysX] Initialized MultithreadedTaskDispatcher with 32 workers.
 -> (artifact id: 'e0dd6afb3163937f6f927731a066e23e') in 0.010925 seconds
Number of updated asset objects reloaded before import = 0
Number of asset objects unloaded after import = 1
========================================================================
Received Import Request.
  Time since last request: 0.000053 seconds.
  path: Assets/Kitchen Collection 2/Textures/switch.png
  artifactKey: Guid(2d0e68bdd455aa149880aa2b4b4d9631) Importer(2089858483,0ecaa5967403d082aa24f35e1b516d23)
Start importing Assets/Kitchen Collection 2/Textures/switch.png using Guid(2d0e68bdd455aa149880aa2b4b4d9631) Importer(2089858483,0ecaa5967403d082aa24f35e1b516d23) [PhysX] Initialized MultithreadedTaskDispatcher with 32 workers.
 -> (artifact id: '251b0c5b09894c20a0e1a207f3bf30fa') in 0.010866 seconds
Number of updated asset objects reloaded before import = 0
Number of asset objects unloaded after import = 1
========================================================================
Received Import Request.
  Time since last request: 0.000021 seconds.
  path: Assets/Kitchen_Cooking_FX/Prefabs/Sink_Water.prefab
  artifactKey: Guid(0b9d982dd7289b64fa3ae7fa4a8f822a) Importer(2089858483,0ecaa5967403d082aa24f35e1b516d23)
Start importing Assets/Kitchen_Cooking_FX/Prefabs/Sink_Water.prefab using Guid(0b9d982dd7289b64fa3ae7fa4a8f822a) Importer(2089858483,0ecaa5967403d082aa24f35e1b516d23) [PhysX] Initialized MultithreadedTaskDispatcher with 32 workers.
 -> (artifact id: 'e80bf1fd863d2621ce0bc7b046f19d00') in 0.008794 seconds
Number of updated asset objects reloaded before import = 0
Number of asset objects unloaded after import = 10
========================================================================
Received Import Request.
  Time since last request: 0.000015 seconds.
  path: Assets/Kitchen Collection 2/Textures/recipes.png
  artifactKey: Guid(998f7677930835147981f64f2cd410c6) Importer(2089858483,0ecaa5967403d082aa24f35e1b516d23)
Start importing Assets/Kitchen Collection 2/Textures/recipes.png using Guid(998f7677930835147981f64f2cd410c6) Importer(2089858483,0ecaa5967403d082aa24f35e1b516d23) [PhysX] Initialized MultithreadedTaskDispatcher with 32 workers.
 -> (artifact id: 'b7073846b5775108dec50ad19538338c') in 0.008944 seconds
Number of updated asset objects reloaded before import = 0
Number of asset objects unloaded after import = 1
========================================================================
Received Import Request.
  Time since last request: 0.000152 seconds.
  path: Assets/fbx/fbx/Stylized Vegetables Collection - Low Poly.fbx
  artifactKey: Guid(8307bdcfad1cf7c48aef4be41ca07e29) Importer(2089858483,0ecaa5967403d082aa24f35e1b516d23)
Start importing Assets/fbx/fbx/Stylized Vegetables Collection - Low Poly.fbx using Guid(8307bdcfad1cf7c48aef4be41ca07e29) Importer(2089858483,0ecaa5967403d082aa24f35e1b516d23) [PhysX] Initialized MultithreadedTaskDispatcher with 32 workers.
 -> (artifact id: '0be5d00e7897ef41bc8942e4df95482c') in 0.345232 seconds
Number of updated asset objects reloaded before import = 0
Number of asset objects unloaded after import = 1203
========================================================================
Received Import Request.
  Time since last request: 0.000029 seconds.
  path: Assets/fbx/fbx/textures/T_BellPepperGreen_R.png
  artifactKey: Guid(cb8161bb771162042bb32c2c20027bff) Importer(2089858483,0ecaa5967403d082aa24f35e1b516d23)
Start importing Assets/fbx/fbx/textures/T_BellPepperGreen_R.png using Guid(cb8161bb771162042bb32c2c20027bff) Importer(2089858483,0ecaa5967403d082aa24f35e1b516d23) [PhysX] Initialized MultithreadedTaskDispatcher with 32 workers.
 -> (artifact id: 'ab834cab96c9d08b12d49771ee5a8a57') in 0.011452 seconds
Number of updated asset objects reloaded before import = 0
Number of asset objects unloaded after import = 1
========================================================================
Received Import Request.
  Time since last request: 0.000280 seconds.
  path: Assets/fbx/fbx/textures/Specular Tint.016.png
  artifactKey: Guid(f523c8c35db9feb4b828f04eb4ec9b81) Importer(2089858483,0ecaa5967403d082aa24f35e1b516d23)
Start importing Assets/fbx/fbx/textures/Specular Tint.016.png using Guid(f523c8c35db9feb4b828f04eb4ec9b81) Importer(2089858483,0ecaa5967403d082aa24f35e1b516d23) [PhysX] Initialized MultithreadedTaskDispatcher with 32 workers.
 -> (artifact id: '9cf2c1d35201e7e43af3b14baaaa74fb') in 0.012370 seconds
Number of updated asset objects reloaded before import = 0
Number of asset objects unloaded after import = 1
========================================================================
Received Import Request.
  Time since last request: 0.000133 seconds.
  path: Assets/fbx/fbx/textures/Specular Tint.018.png
  artifactKey: Guid(882779eaace7e2e4db8ecc859de46649) Importer(2089858483,0ecaa5967403d082aa24f35e1b516d23)
Start importing Assets/fbx/fbx/textures/Specular Tint.018.png using Guid(882779eaace7e2e4db8ecc859de46649) Importer(2089858483,0ecaa5967403d082aa24f35e1b516d23) [PhysX] Initialized MultithreadedTaskDispatcher with 32 workers.
 -> (artifact id: '647d66d13849f149ddee26fb8a1ee3be') in 0.009751 seconds
Number of updated asset objects reloaded before import = 0
Number of asset objects unloaded after import = 1
========================================================================
Received Import Request.
  Time since last request: 0.000126 seconds.
  path: Assets/fbx/fbx/textures/Specular Tint.014.png
  artifactKey: Guid(93f9ee9e826332c499c64287d452fa84) Importer(2089858483,0ecaa5967403d082aa24f35e1b516d23)
Start importing Assets/fbx/fbx/textures/Specular Tint.014.png using Guid(93f9ee9e826332c499c64287d452fa84) Importer(2089858483,0ecaa5967403d082aa24f35e1b516d23) [PhysX] Initialized MultithreadedTaskDispatcher with 32 workers.
 -> (artifact id: 'c822320b471f690bbe5e1286597ec004') in 0.014120 seconds
Number of updated asset objects reloaded before import = 0
Number of asset objects unloaded after import = 1
========================================================================
Received Import Request.
  Time since last request: 0.000019 seconds.
  path: Assets/fbx/fbx/textures/Specular Tint.025.png
  artifactKey: Guid(e20e3b39348bbbf4e8f90fbe3cf76568) Importer(2089858483,0ecaa5967403d082aa24f35e1b516d23)
Start importing Assets/fbx/fbx/textures/Specular Tint.025.png using Guid(e20e3b39348bbbf4e8f90fbe3cf76568) Importer(2089858483,0ecaa5967403d082aa24f35e1b516d23) [PhysX] Initialized MultithreadedTaskDispatcher with 32 workers.
 -> (artifact id: '8eb3015d902629a70da5acae7ecff8ed') in 0.011938 seconds
Number of updated asset objects reloaded before import = 0
Number of asset objects unloaded after import = 1
========================================================================
Received Import Request.
  Time since last request: 0.000018 seconds.
  path: Assets/fbx/fbx/textures/T_Beetroot_R.png
  artifactKey: Guid(34d790246a9e6f3459a0e81da8beb782) Importer(2089858483,0ecaa5967403d082aa24f35e1b516d23)
Start importing Assets/fbx/fbx/textures/T_Beetroot_R.png using Guid(34d790246a9e6f3459a0e81da8beb782) Importer(2089858483,0ecaa5967403d082aa24f35e1b516d23) [PhysX] Initialized MultithreadedTaskDispatcher with 32 workers.
 -> (artifact id: '194a90dced126371c84e71021c4972f3') in 0.012048 seconds
Number of updated asset objects reloaded before import = 0
Number of asset objects unloaded after import = 1
========================================================================
Received Import Request.
  Time since last request: 0.000098 seconds.
  path: Assets/fbx/fbx/textures/T_Beetroot_N.png
  artifactKey: Guid(812ea77ead3677f4f984b98b923d2491) Importer(2089858483,0ecaa5967403d082aa24f35e1b516d23)
Start importing Assets/fbx/fbx/textures/T_Beetroot_N.png using Guid(812ea77ead3677f4f984b98b923d2491) Importer(2089858483,0ecaa5967403d082aa24f35e1b516d23) [PhysX] Initialized MultithreadedTaskDispatcher with 32 workers.
 -> (artifact id: '9de2525ee1c72f34ecc018bfa1926751') in 0.011861 seconds
Number of updated asset objects reloaded before import = 0
Number of asset objects unloaded after import = 1
========================================================================
Received Import Request.
  Time since last request: 0.000072 seconds.
  path: Assets/fbx/fbx/textures/T_BellPepperOrange_R.png
  artifactKey: Guid(7724dcfeaf0d7524ab76b0a312bf39a5) Importer(2089858483,0ecaa5967403d082aa24f35e1b516d23)
Start importing Assets/fbx/fbx/textures/T_BellPepperOrange_R.png using Guid(7724dcfeaf0d7524ab76b0a312bf39a5) Importer(2089858483,0ecaa5967403d082aa24f35e1b516d23) [PhysX] Initialized MultithreadedTaskDispatcher with 32 workers.
 -> (artifact id: '783ac57e9b1b9f80fcf277a686e12cc7') in 0.011751 seconds
Number of updated asset objects reloaded before import = 0
Number of asset objects unloaded after import = 1
========================================================================
Received Import Request.
  Time since last request: 0.000021 seconds.
  path: Assets/fbx/fbx/textures/T_ButternutPumpkin_N.png
  artifactKey: Guid(c2fa4b14098e4984e9439c04bcf8fd8d) Importer(2089858483,0ecaa5967403d082aa24f35e1b516d23)
Start importing Assets/fbx/fbx/textures/T_ButternutPumpkin_N.png using Guid(c2fa4b14098e4984e9439c04bcf8fd8d) Importer(2089858483,0ecaa5967403d082aa24f35e1b516d23) [PhysX] Initialized MultithreadedTaskDispatcher with 32 workers.
 -> (artifact id: '498a6df7b9f13676b3b6d7967e0f75ff') in 0.012449 seconds
Number of updated asset objects reloaded before import = 0
Number of asset objects unloaded after import = 1
========================================================================
Received Import Request.
  Time since last request: 0.000101 seconds.
  path: Assets/fbx/fbx/textures/T_BellPepperYellow_C.png
  artifactKey: Guid(5d9267ec25c64cf48bfa00deaebd569a) Importer(2089858483,0ecaa5967403d082aa24f35e1b516d23)
Start importing Assets/fbx/fbx/textures/T_BellPepperYellow_C.png using Guid(5d9267ec25c64cf48bfa00deaebd569a) Importer(2089858483,0ecaa5967403d082aa24f35e1b516d23) [PhysX] Initialized MultithreadedTaskDispatcher with 32 workers.
 -> (artifact id: 'aae2f87e264b5ab8a15ccd7e128f2cb5') in 0.012005 seconds
Number of updated asset objects reloaded before import = 0
Number of asset objects unloaded after import = 1
========================================================================
Received Import Request.
  Time since last request: 0.000078 seconds.
  path: Assets/fbx/fbx/textures/Specular Tint.017.png
  artifactKey: Guid(165c0ee3cbd4306458ec7841e59cbd09) Importer(2089858483,0ecaa5967403d082aa24f35e1b516d23)
Start importing Assets/fbx/fbx/textures/Specular Tint.017.png using Guid(165c0ee3cbd4306458ec7841e59cbd09) Importer(2089858483,0ecaa5967403d082aa24f35e1b516d23) [PhysX] Initialized MultithreadedTaskDispatcher with 32 workers.
 -> (artifact id: 'c57aacf91270a70becb52a1e3292999a') in 0.011206 seconds
Number of updated asset objects reloaded before import = 0
Number of asset objects unloaded after import = 1
========================================================================
Received Import Request.
  Time since last request: 0.000047 seconds.
  path: Assets/fbx/fbx/textures/T_CabbageGreen_R.png
  artifactKey: Guid(03a84e018e12f9c468451b09d7e772c0) Importer(2089858483,0ecaa5967403d082aa24f35e1b516d23)
Start importing Assets/fbx/fbx/textures/T_CabbageGreen_R.png using Guid(03a84e018e12f9c468451b09d7e772c0) Importer(2089858483,0ecaa5967403d082aa24f35e1b516d23) [PhysX] Initialized MultithreadedTaskDispatcher with 32 workers.
 -> (artifact id: '77587b58ba2ba6ffd65f763228c0a27a') in 0.010571 seconds
Number of updated asset objects reloaded before import = 0
Number of asset objects unloaded after import = 1
========================================================================
Received Import Request.
  Time since last request: 0.000020 seconds.
  path: Assets/fbx/fbx/textures/T_Ginger_R.png
  artifactKey: Guid(248401566c4511349b2c5568f4d5e2c8) Importer(2089858483,0ecaa5967403d082aa24f35e1b516d23)
Start importing Assets/fbx/fbx/textures/T_Ginger_R.png using Guid(248401566c4511349b2c5568f4d5e2c8) Importer(2089858483,0ecaa5967403d082aa24f35e1b516d23) [PhysX] Initialized MultithreadedTaskDispatcher with 32 workers.
 -> (artifact id: 'ed27a794f3b4d8be5a16af3f2ef9fe2f') in 0.012158 seconds
Number of updated asset objects reloaded before import = 0
Number of asset objects unloaded after import = 1
========================================================================
Received Import Request.
  Time since last request: 0.000055 seconds.
  path: Assets/fbx/fbx/textures/T_Jalapeno_R.png
  artifactKey: Guid(a1c8aa5dca12b1243861a1c325615c54) Importer(2089858483,0ecaa5967403d082aa24f35e1b516d23)
Start importing Assets/fbx/fbx/textures/T_Jalapeno_R.png using Guid(a1c8aa5dca12b1243861a1c325615c54) Importer(2089858483,0ecaa5967403d082aa24f35e1b516d23) [PhysX] Initialized MultithreadedTaskDispatcher with 32 workers.
 -> (artifact id: '0c150be25fd656f8d3521f787be1fbe2') in 0.011190 seconds
Number of updated asset objects reloaded before import = 0
Number of asset objects unloaded after import = 1
========================================================================
Received Import Request.
  Time since last request: 0.000133 seconds.
  path: Assets/fbx/fbx/textures/T_CarrotLeaves_R.png
  artifactKey: Guid(2dd7caabdb5866c4faea63c2ef9f0f64) Importer(2089858483,0ecaa5967403d082aa24f35e1b516d23)
Start importing Assets/fbx/fbx/textures/T_CarrotLeaves_R.png using Guid(2dd7caabdb5866c4faea63c2ef9f0f64) Importer(2089858483,0ecaa5967403d082aa24f35e1b516d23) [PhysX] Initialized MultithreadedTaskDispatcher with 32 workers.
 -> (artifact id: 'ada9d0aa511a5a44aa30015d548126a4') in 0.013077 seconds
Number of updated asset objects reloaded before import = 0
Number of asset objects unloaded after import = 1
========================================================================
Received Import Request.
  Time since last request: 0.000028 seconds.
  path: Assets/fbx/fbx/textures/T_Corn_N.png
  artifactKey: Guid(3988a2582b9dcc6498103533b2ad5d5a) Importer(2089858483,0ecaa5967403d082aa24f35e1b516d23)
Start importing Assets/fbx/fbx/textures/T_Corn_N.png using Guid(3988a2582b9dcc6498103533b2ad5d5a) Importer(2089858483,0ecaa5967403d082aa24f35e1b516d23) [PhysX] Initialized MultithreadedTaskDispatcher with 32 workers.
 -> (artifact id: '95d1037af3ec6f34c53320624310b9e6') in 0.012704 seconds
Number of updated asset objects reloaded before import = 0
Number of asset objects unloaded after import = 1
========================================================================
Received Import Request.
  Time since last request: 0.000055 seconds.
  path: Assets/fbx/fbx/textures/T_CabbageRed_R.png
  artifactKey: Guid(e15f3abddada638458c77a6da161d1b1) Importer(2089858483,0ecaa5967403d082aa24f35e1b516d23)
Start importing Assets/fbx/fbx/textures/T_CabbageRed_R.png using Guid(e15f3abddada638458c77a6da161d1b1) Importer(2089858483,0ecaa5967403d082aa24f35e1b516d23) [PhysX] Initialized MultithreadedTaskDispatcher with 32 workers.
 -> (artifact id: 'b2c1880d946c76490d1d494343cb277a') in 0.012158 seconds
Number of updated asset objects reloaded before import = 0
Number of asset objects unloaded after import = 1
========================================================================
Received Import Request.
  Time since last request: 0.000139 seconds.
  path: Assets/fbx/fbx/textures/T_Chili_AO.png
  artifactKey: Guid(a5a056d0232dbd44ca90da456eb4977a) Importer(2089858483,0ecaa5967403d082aa24f35e1b516d23)
Start importing Assets/fbx/fbx/textures/T_Chili_AO.png using Guid(a5a056d0232dbd44ca90da456eb4977a) Importer(2089858483,0ecaa5967403d082aa24f35e1b516d23) [PhysX] Initialized MultithreadedTaskDispatcher with 32 workers.
 -> (artifact id: 'd9cd9c18896e0901e0b9596a1762b133') in 0.011494 seconds
Number of updated asset objects reloaded before import = 0
Number of asset objects unloaded after import = 1
========================================================================
Received Import Request.
  Time since last request: 0.000089 seconds.
  path: Assets/fbx/fbx/textures/T_Garlic_N.png
  artifactKey: Guid(2fd72b3bd56f9f043b83ecbbce0d457b) Importer(2089858483,0ecaa5967403d082aa24f35e1b516d23)
Start importing Assets/fbx/fbx/textures/T_Garlic_N.png using Guid(2fd72b3bd56f9f043b83ecbbce0d457b) Importer(2089858483,0ecaa5967403d082aa24f35e1b516d23) [PhysX] Initialized MultithreadedTaskDispatcher with 32 workers.
 -> (artifact id: '73747861127e4c2bc501ef2b487bc38f') in 0.011372 seconds
Number of updated asset objects reloaded before import = 0
Number of asset objects unloaded after import = 1
========================================================================
Received Import Request.
  Time since last request: 0.000165 seconds.
  path: Assets/fbx/fbx/textures/T_Carrot_R.png
  artifactKey: Guid(24be6c15610f5fb4685ef60a58bc8133) Importer(2089858483,0ecaa5967403d082aa24f35e1b516d23)
Start importing Assets/fbx/fbx/textures/T_Carrot_R.png using Guid(24be6c15610f5fb4685ef60a58bc8133) Importer(2089858483,0ecaa5967403d082aa24f35e1b516d23) [PhysX] Initialized MultithreadedTaskDispatcher with 32 workers.
 -> (artifact id: '23c9e7c4666a55c0ac8d352a2cad2e38') in 0.012892 seconds
Number of updated asset objects reloaded before import = 0
Number of asset objects unloaded after import = 1
========================================================================
Received Import Request.
  Time since last request: 0.000220 seconds.
  path: Assets/fbx/fbx/textures/T_Cauliflower_R.png
  artifactKey: Guid(7d1b47ccfdffea74490763a758c48d89) Importer(2089858483,0ecaa5967403d082aa24f35e1b516d23)
Start importing Assets/fbx/fbx/textures/T_Cauliflower_R.png using Guid(7d1b47ccfdffea74490763a758c48d89) Importer(2089858483,0ecaa5967403d082aa24f35e1b516d23) [PhysX] Initialized MultithreadedTaskDispatcher with 32 workers.
 -> (artifact id: '02a7da546f49576f9d131e5a8890e4bd') in 0.009241 seconds
Number of updated asset objects reloaded before import = 0
Number of asset objects unloaded after import = 1
========================================================================
Received Import Request.
  Time since last request: 0.000121 seconds.
  path: Assets/fbx/fbx/textures/T_Carrot_N.png
  artifactKey: Guid(3b0f16508aaffc44b85f684451faf4c9) Importer(2089858483,0ecaa5967403d082aa24f35e1b516d23)
Start importing Assets/fbx/fbx/textures/T_Carrot_N.png using Guid(3b0f16508aaffc44b85f684451faf4c9) Importer(2089858483,0ecaa5967403d082aa24f35e1b516d23) [PhysX] Initialized MultithreadedTaskDispatcher with 32 workers.
 -> (artifact id: 'f2ffb3d4c8b64338afc85e9f7e1cd60f') in 0.012492 seconds
Number of updated asset objects reloaded before import = 0
Number of asset objects unloaded after import = 1
========================================================================
Received Import Request.
  Time since last request: 0.000016 seconds.
  path: Assets/fbx/fbx/textures/T_Chili_C.png
  artifactKey: Guid(496d5a326e9fe5948a8cad63f622a573) Importer(2089858483,0ecaa5967403d082aa24f35e1b516d23)
Start importing Assets/fbx/fbx/textures/T_Chili_C.png using Guid(496d5a326e9fe5948a8cad63f622a573) Importer(2089858483,0ecaa5967403d082aa24f35e1b516d23) [PhysX] Initialized MultithreadedTaskDispatcher with 32 workers.
 -> (artifact id: '027b44b680739bfce30238478aaa4e7f') in 0.009351 seconds
Number of updated asset objects reloaded before import = 0
Number of asset objects unloaded after import = 1
========================================================================
Received Import Request.
  Time since last request: 0.000084 seconds.
  path: Assets/fbx/fbx/textures/T_CabbageRed_C.png
  artifactKey: Guid(9f711b970a5543847be5be30212c8e91) Importer(2089858483,0ecaa5967403d082aa24f35e1b516d23)
Start importing Assets/fbx/fbx/textures/T_CabbageRed_C.png using Guid(9f711b970a5543847be5be30212c8e91) Importer(2089858483,0ecaa5967403d082aa24f35e1b516d23) [PhysX] Initialized MultithreadedTaskDispatcher with 32 workers.
 -> (artifact id: 'b6316ca86b346f5daa255d851601a09e') in 0.008906 seconds
Number of updated asset objects reloaded before import = 0
Number of asset objects unloaded after import = 1
========================================================================
Received Import Request.
  Time since last request: 0.000017 seconds.
  path: Assets/fbx/fbx/textures/T_Cauliflower_AO.png
  artifactKey: Guid(f76b7d8c16801024abbf926f5c07b0d8) Importer(2089858483,0ecaa5967403d082aa24f35e1b516d23)
Start importing Assets/fbx/fbx/textures/T_Cauliflower_AO.png using Guid(f76b7d8c16801024abbf926f5c07b0d8) Importer(2089858483,0ecaa5967403d082aa24f35e1b516d23) [PhysX] Initialized MultithreadedTaskDispatcher with 32 workers.
 -> (artifact id: '4e679a61a88bb231f2d845ca23c03f02') in 0.011568 seconds
Number of updated asset objects reloaded before import = 0
Number of asset objects unloaded after import = 1
========================================================================
Received Import Request.
  Time since last request: 0.000386 seconds.
  path: Assets/fbx/fbx/textures/T_Cucumber_C.png
  artifactKey: Guid(7db5bae77cb759d45aaf90d5aaf63f6d) Importer(2089858483,0ecaa5967403d082aa24f35e1b516d23)
Start importing Assets/fbx/fbx/textures/T_Cucumber_C.png using Guid(7db5bae77cb759d45aaf90d5aaf63f6d) Importer(2089858483,0ecaa5967403d082aa24f35e1b516d23) [PhysX] Initialized MultithreadedTaskDispatcher with 32 workers.
 -> (artifact id: '2c878a5b7c9a9b95ab9e3b60dd4b2b68') in 0.009496 seconds
Number of updated asset objects reloaded before import = 0
Number of asset objects unloaded after import = 1
========================================================================
Received Import Request.
  Time since last request: 0.000063 seconds.
  path: Assets/fbx/fbx/textures/T_Garlic_C.png
  artifactKey: Guid(8992bcee20f24be42a5cbb356244881a) Importer(2089858483,0ecaa5967403d082aa24f35e1b516d23)
Start importing Assets/fbx/fbx/textures/T_Garlic_C.png using Guid(8992bcee20f24be42a5cbb356244881a) Importer(2089858483,0ecaa5967403d082aa24f35e1b516d23) [PhysX] Initialized MultithreadedTaskDispatcher with 32 workers.
 -> (artifact id: 'b8847010497ae90cfb6b4582e7873d84') in 0.010242 seconds
Number of updated asset objects reloaded before import = 0
Number of asset objects unloaded after import = 1
========================================================================
Received Import Request.
  Time since last request: 0.000633 seconds.
  path: Assets/fbx/fbx/textures/T_Jalapeno_N.png
  artifactKey: Guid(fb36e3c8f5f0a3f44b92ae5fd1587214) Importer(2089858483,0ecaa5967403d082aa24f35e1b516d23)
Start importing Assets/fbx/fbx/textures/T_Jalapeno_N.png using Guid(fb36e3c8f5f0a3f44b92ae5fd1587214) Importer(2089858483,0ecaa5967403d082aa24f35e1b516d23) [PhysX] Initialized MultithreadedTaskDispatcher with 32 workers.
 -> (artifact id: '38345fb8f21dee797f2f655599764396') in 0.012758 seconds
Number of updated asset objects reloaded before import = 0
Number of asset objects unloaded after import = 1
========================================================================
Received Import Request.
  Time since last request: 0.000319 seconds.
  path: Assets/fbx/fbx/textures/T_CarrotLeaves_N.png
  artifactKey: Guid(85f560bae248cb84fad1ead13826ed03) Importer(2089858483,0ecaa5967403d082aa24f35e1b516d23)
Start importing Assets/fbx/fbx/textures/T_CarrotLeaves_N.png using Guid(85f560bae248cb84fad1ead13826ed03) Importer(2089858483,0ecaa5967403d082aa24f35e1b516d23) [PhysX] Initialized MultithreadedTaskDispatcher with 32 workers.
 -> (artifact id: '3aa357daf220eb10de597f77ac6543d4') in 0.012888 seconds
Number of updated asset objects reloaded before import = 0
Number of asset objects unloaded after import = 1
========================================================================
Received Import Request.
  Time since last request: 0.000513 seconds.
  path: Assets/fbx/fbx/textures/T_Jalapeno_AO.png
  artifactKey: Guid(472cbed8a49c8c34b874b9a2dd0faf5e) Importer(2089858483,0ecaa5967403d082aa24f35e1b516d23)
Start importing Assets/fbx/fbx/textures/T_Jalapeno_AO.png using Guid(472cbed8a49c8c34b874b9a2dd0faf5e) Importer(2089858483,0ecaa5967403d082aa24f35e1b516d23) [PhysX] Initialized MultithreadedTaskDispatcher with 32 workers.
 -> (artifact id: '40fe1f2f2998a7c65a6306b1eaeaac72') in 0.010021 seconds
Number of updated asset objects reloaded before import = 0
Number of asset objects unloaded after import = 1
========================================================================
Received Import Request.
  Time since last request: 0.000524 seconds.
  path: Assets/fbx/fbx/textures/T_Eggplant_C.png
  artifactKey: Guid(ea7462bfe067240438a0fcf0f4fcab4a) Importer(2089858483,0ecaa5967403d082aa24f35e1b516d23)
Start importing Assets/fbx/fbx/textures/T_Eggplant_C.png using Guid(ea7462bfe067240438a0fcf0f4fcab4a) Importer(2089858483,0ecaa5967403d082aa24f35e1b516d23) [PhysX] Initialized MultithreadedTaskDispatcher with 32 workers.
 -> (artifact id: '143ef70bbd2bf4d10089313f74cc6b90') in 0.012479 seconds
Number of updated asset objects reloaded before import = 0
Number of asset objects unloaded after import = 1
========================================================================
Received Import Request.
  Time since last request: 0.000161 seconds.
  path: Assets/fbx/fbx/textures/T_Corn_C.png
  artifactKey: Guid(c86c30a3386cf524293512400b116063) Importer(2089858483,0ecaa5967403d082aa24f35e1b516d23)
Start importing Assets/fbx/fbx/textures/T_Corn_C.png using Guid(c86c30a3386cf524293512400b116063) Importer(2089858483,0ecaa5967403d082aa24f35e1b516d23) [PhysX] Initialized MultithreadedTaskDispatcher with 32 workers.
 -> (artifact id: 'd162e12092069d65b28c68a604e3629a') in 0.012114 seconds
Number of updated asset objects reloaded before import = 0
Number of asset objects unloaded after import = 1
========================================================================
Received Import Request.
  Time since last request: 0.000077 seconds.
  path: Assets/fbx/fbx/textures/T_BellPepperOrange_AO.png
  artifactKey: Guid(1eb5150527b7f5e4b9b642112574f89e) Importer(2089858483,0ecaa5967403d082aa24f35e1b516d23)
Start importing Assets/fbx/fbx/textures/T_BellPepperOrange_AO.png using Guid(1eb5150527b7f5e4b9b642112574f89e) Importer(2089858483,0ecaa5967403d082aa24f35e1b516d23) [PhysX] Initialized MultithreadedTaskDispatcher with 32 workers.
 -> (artifact id: '53766490711f6033d462905175888f6d') in 0.010565 seconds
Number of updated asset objects reloaded before import = 0
Number of asset objects unloaded after import = 1
========================================================================
Received Import Request.
  Time since last request: 0.000017 seconds.
  path: Assets/fbx/fbx/textures/T_Broccoli_C.png
  artifactKey: Guid(9fcac65a2dcbb9d48ad564f6df3b8545) Importer(2089858483,0ecaa5967403d082aa24f35e1b516d23)
Start importing Assets/fbx/fbx/textures/T_Broccoli_C.png using Guid(9fcac65a2dcbb9d48ad564f6df3b8545) Importer(2089858483,0ecaa5967403d082aa24f35e1b516d23) [PhysX] Initialized MultithreadedTaskDispatcher with 32 workers.
 -> (artifact id: '14367c8154b5efcf0b40228ab0d7dee9') in 0.010713 seconds
Number of updated asset objects reloaded before import = 0
Number of asset objects unloaded after import = 1
========================================================================
Received Import Request.
  Time since last request: 0.000014 seconds.
  path: Assets/fbx/fbx/textures/T_Eggplant_N.png
  artifactKey: Guid(741a24e76b5339a479e65f436c7bbf50) Importer(2089858483,0ecaa5967403d082aa24f35e1b516d23)
Start importing Assets/fbx/fbx/textures/T_Eggplant_N.png using Guid(741a24e76b5339a479e65f436c7bbf50) Importer(2089858483,0ecaa5967403d082aa24f35e1b516d23) [PhysX] Initialized MultithreadedTaskDispatcher with 32 workers.
 -> (artifact id: 'e6add18a16a150ff38bec21e43559bb6') in 0.008699 seconds
Number of updated asset objects reloaded before import = 0
Number of asset objects unloaded after import = 1
========================================================================
Received Import Request.
  Time since last request: 0.000155 seconds.
  path: Assets/fbx/fbx/textures/T_Ginger_C.png
  artifactKey: Guid(be1d2201a2084a74cbf017d8a27c8ab3) Importer(2089858483,0ecaa5967403d082aa24f35e1b516d23)
Start importing Assets/fbx/fbx/textures/T_Ginger_C.png using Guid(be1d2201a2084a74cbf017d8a27c8ab3) Importer(2089858483,0ecaa5967403d082aa24f35e1b516d23) [PhysX] Initialized MultithreadedTaskDispatcher with 32 workers.
 -> (artifact id: '5c00e7c9c878f49d280bd62ece72ac91') in 0.011971 seconds
Number of updated asset objects reloaded before import = 0
Number of asset objects unloaded after import = 1
========================================================================
Received Import Request.
  Time since last request: 0.000072 seconds.
  path: Assets/Kitchen Collection 2/Textures/terrain plant 1.png
  artifactKey: Guid(0a07a61235e200c4e9d4be1ab6bfbd2f) Importer(2089858483,0ecaa5967403d082aa24f35e1b516d23)
Start importing Assets/Kitchen Collection 2/Textures/terrain plant 1.png using Guid(0a07a61235e200c4e9d4be1ab6bfbd2f) Importer(2089858483,0ecaa5967403d082aa24f35e1b516d23) [PhysX] Initialized MultithreadedTaskDispatcher with 32 workers.
 -> (artifact id: '5f831d6f81e4c49ca8deae53e02d2d4e') in 0.010658 seconds
Number of updated asset objects reloaded before import = 0
Number of asset objects unloaded after import = 1
========================================================================
Received Import Request.
  Time since last request: 0.000078 seconds.
  path: Assets/fbx/fbx/textures/T_ButternutPumpkin_R.png
  artifactKey: Guid(d4157132fc8b0964f86788002c1c1b95) Importer(2089858483,0ecaa5967403d082aa24f35e1b516d23)
Start importing Assets/fbx/fbx/textures/T_ButternutPumpkin_R.png using Guid(d4157132fc8b0964f86788002c1c1b95) Importer(2089858483,0ecaa5967403d082aa24f35e1b516d23) [PhysX] Initialized MultithreadedTaskDispatcher with 32 workers.
 -> (artifact id: '1ee74a7ac132b4aa74c4d5857ea1f45f') in 0.011755 seconds
Number of updated asset objects reloaded before import = 0
Number of asset objects unloaded after import = 1
========================================================================
Received Import Request.
  Time since last request: 0.000019 seconds.
  path: Assets/Kitchen_Cooking_FX/Textures/Gas_Hob_Flames_TextureSheet_Lowres.tif
  artifactKey: Guid(bf5f56f3da4113f4293972f5b0b20118) Importer(2089858483,0ecaa5967403d082aa24f35e1b516d23)
Start importing Assets/Kitchen_Cooking_FX/Textures/Gas_Hob_Flames_TextureSheet_Lowres.tif using Guid(bf5f56f3da4113f4293972f5b0b20118) Importer(2089858483,0ecaa5967403d082aa24f35e1b516d23) [PhysX] Initialized MultithreadedTaskDispatcher with 32 workers.
 -> (artifact id: '0aee5178f571660bfff5e5f821b43091') in 0.010636 seconds
Number of updated asset objects reloaded before import = 0
Number of asset objects unloaded after import = 1
========================================================================
Received Import Request.
  Time since last request: 0.000108 seconds.
  path: Assets/fbx/fbx/textures/Specular Tint.007.png
  artifactKey: Guid(843e62103b8b3894089cc0d32a2e879f) Importer(2089858483,0ecaa5967403d082aa24f35e1b516d23)
Start importing Assets/fbx/fbx/textures/Specular Tint.007.png using Guid(843e62103b8b3894089cc0d32a2e879f) Importer(2089858483,0ecaa5967403d082aa24f35e1b516d23) [PhysX] Initialized MultithreadedTaskDispatcher with 32 workers.
 -> (artifact id: 'f6169751fc3f6dc7b19daded37ab7eb6') in 0.007990 seconds
Number of updated asset objects reloaded before import = 0
Number of asset objects unloaded after import = 1
========================================================================
Received Import Request.
  Time since last request: 0.000218 seconds.
  path: Assets/fbx/fbx/textures/T_ButternutPumpkin_C.png
  artifactKey: Guid(557af4aeadd0a0149b5704159d7dba7e) Importer(2089858483,0ecaa5967403d082aa24f35e1b516d23)
Start importing Assets/fbx/fbx/textures/T_ButternutPumpkin_C.png using Guid(557af4aeadd0a0149b5704159d7dba7e) Importer(2089858483,0ecaa5967403d082aa24f35e1b516d23) [PhysX] Initialized MultithreadedTaskDispatcher with 32 workers.
 -> (artifact id: 'b4ef1bc1d035da4df59a9b651bb8b7fc') in 0.012221 seconds
Number of updated asset objects reloaded before import = 0
Number of asset objects unloaded after import = 1
========================================================================
Received Import Request.
  Time since last request: 0.000094 seconds.
  path: Assets/fbx/fbx/textures/T_Carrot_C.png
  artifactKey: Guid(4149052cc2b0a1046a5b87dd85e58759) Importer(2089858483,0ecaa5967403d082aa24f35e1b516d23)
Start importing Assets/fbx/fbx/textures/T_Carrot_C.png using Guid(4149052cc2b0a1046a5b87dd85e58759) Importer(2089858483,0ecaa5967403d082aa24f35e1b516d23) [PhysX] Initialized MultithreadedTaskDispatcher with 32 workers.
 -> (artifact id: '3b18205aeb4765fe1ef2ef9afe3b2b29') in 0.009661 seconds
Number of updated asset objects reloaded before import = 0
Number of asset objects unloaded after import = 1
========================================================================
Received Import Request.
  Time since last request: 0.000242 seconds.
  path: Assets/TextMesh Pro/Shaders/TMP_SDF-Surface.shader
  artifactKey: Guid(f7ada0af4f174f0694ca6a487b8f543d) Importer(2089858483,0ecaa5967403d082aa24f35e1b516d23)
Start importing Assets/TextMesh Pro/Shaders/TMP_SDF-Surface.shader using Guid(f7ada0af4f174f0694ca6a487b8f543d) Importer(2089858483,0ecaa5967403d082aa24f35e1b516d23) [PhysX] Initialized MultithreadedTaskDispatcher with 32 workers.
 -> (artifact id: '9faad7f8de657e078776eccd0af3cb33') in 0.006136 seconds
Number of updated asset objects reloaded before import = 0
Number of asset objects unloaded after import = 1
========================================================================
Received Import Request.
  Time since last request: 0.000032 seconds.
  path: Assets/fbx/fbx/textures/T_BellPepperOrange_C.png
  artifactKey: Guid(56dee659535e52643be93a5cb4e55e31) Importer(2089858483,0ecaa5967403d082aa24f35e1b516d23)
Start importing Assets/fbx/fbx/textures/T_BellPepperOrange_C.png using Guid(56dee659535e52643be93a5cb4e55e31) Importer(2089858483,0ecaa5967403d082aa24f35e1b516d23) [PhysX] Initialized MultithreadedTaskDispatcher with 32 workers.
 -> (artifact id: '95f1e08e9b16c3259f8194e056e7476a') in 0.010181 seconds
Number of updated asset objects reloaded before import = 0
Number of asset objects unloaded after import = 1
========================================================================
Received Import Request.
  Time since last request: 0.000036 seconds.
  path: Assets/Kitchen Collection 2/Textures/wood 1 N.png
  artifactKey: Guid(260904cd1c9df154bba816b4772245fa) Importer(2089858483,0ecaa5967403d082aa24f35e1b516d23)
Start importing Assets/Kitchen Collection 2/Textures/wood 1 N.png using Guid(260904cd1c9df154bba816b4772245fa) Importer(2089858483,0ecaa5967403d082aa24f35e1b516d23) [PhysX] Initialized MultithreadedTaskDispatcher with 32 workers.
 -> (artifact id: 'b1bd9ff6907c2bb72bc90a235f7c408e') in 0.010564 seconds
Number of updated asset objects reloaded before import = 0
Number of asset objects unloaded after import = 1
========================================================================
Received Import Request.
  Time since last request: 0.000019 seconds.
  path: Assets/Kitchen Collection 2/Textures/Tiles.png
  artifactKey: Guid(2a6eaba6f621cc14a8c92a94600c9f53) Importer(2089858483,0ecaa5967403d082aa24f35e1b516d23)
Start importing Assets/Kitchen Collection 2/Textures/Tiles.png using Guid(2a6eaba6f621cc14a8c92a94600c9f53) Importer(2089858483,0ecaa5967403d082aa24f35e1b516d23) [PhysX] Initialized MultithreadedTaskDispatcher with 32 workers.
 -> (artifact id: 'c5fcc0b60df8e77cac8e76468e57ac58') in 0.009951 seconds
Number of updated asset objects reloaded before import = 0
Number of asset objects unloaded after import = 1
========================================================================
Received Import Request.
  Time since last request: 0.000027 seconds.
  path: Assets/Kitchen Collection 2/Prefabs/Vase 1.prefab
  artifactKey: Guid(9a64f46e60f8dc8438d95867cf3b61eb) Importer(2089858483,0ecaa5967403d082aa24f35e1b516d23)
Start importing Assets/Kitchen Collection 2/Prefabs/Vase 1.prefab using Guid(9a64f46e60f8dc8438d95867cf3b61eb) Importer(2089858483,0ecaa5967403d082aa24f35e1b516d23) [PhysX] Initialized MultithreadedTaskDispatcher with 32 workers.
 -> (artifact id: '4e8b1cda1d85869fd65087cd639cc6b8') in 0.006784 seconds
Number of updated asset objects reloaded before import = 0
Number of asset objects unloaded after import = 7
========================================================================
Received Import Request.
  Time since last request: 0.000016 seconds.
  path: Assets/Kitchen Collection 2/Textures/carpet.png
  artifactKey: Guid(bacff2ab2063d29438121417763f3edd) Importer(2089858483,0ecaa5967403d082aa24f35e1b516d23)
Start importing Assets/Kitchen Collection 2/Textures/carpet.png using Guid(bacff2ab2063d29438121417763f3edd) Importer(2089858483,0ecaa5967403d082aa24f35e1b516d23) [PhysX] Initialized MultithreadedTaskDispatcher with 32 workers.
 -> (artifact id: 'e68c5d36358ef264607be1df05119ff1') in 0.009423 seconds
Number of updated asset objects reloaded before import = 0
Number of asset objects unloaded after import = 1
========================================================================
Received Import Request.
  Time since last request: 0.000017 seconds.
  path: Assets/Kitchen Collection 2/Textures/lemon N.png
  artifactKey: Guid(54f1b84ce9f1d2d4fa3d9b5217ba901d) Importer(2089858483,0ecaa5967403d082aa24f35e1b516d23)
Start importing Assets/Kitchen Collection 2/Textures/lemon N.png using Guid(54f1b84ce9f1d2d4fa3d9b5217ba901d) Importer(2089858483,0ecaa5967403d082aa24f35e1b516d23) [PhysX] Initialized MultithreadedTaskDispatcher with 32 workers.
 -> (artifact id: '741ba46c4d6989f6d963e6d0dbc764e9') in 0.011322 seconds
Number of updated asset objects reloaded before import = 0
Number of asset objects unloaded after import = 1
========================================================================
Received Import Request.
  Time since last request: 0.000102 seconds.
  path: Assets/Kitchen Collection 2/Textures/metallic 1.png
  artifactKey: Guid(db8237882ce68d54e88a91269d49f832) Importer(2089858483,0ecaa5967403d082aa24f35e1b516d23)
Start importing Assets/Kitchen Collection 2/Textures/metallic 1.png using Guid(db8237882ce68d54e88a91269d49f832) Importer(2089858483,0ecaa5967403d082aa24f35e1b516d23) [PhysX] Initialized MultithreadedTaskDispatcher with 32 workers.
 -> (artifact id: 'b2dc90d8c0e62899f7d8cdd0dfdd4f8c') in 0.009051 seconds
Number of updated asset objects reloaded before import = 0
Number of asset objects unloaded after import = 1
========================================================================
Received Import Request.
  Time since last request: 0.000443 seconds.
  path: Assets/fbx/fbx/textures/Specular Tint.026.png
  artifactKey: Guid(1d21dd06b25682640bc9db523d1c0bc9) Importer(2089858483,0ecaa5967403d082aa24f35e1b516d23)
Start importing Assets/fbx/fbx/textures/Specular Tint.026.png using Guid(1d21dd06b25682640bc9db523d1c0bc9) Importer(2089858483,0ecaa5967403d082aa24f35e1b516d23) [PhysX] Initialized MultithreadedTaskDispatcher with 32 workers.
 -> (artifact id: '3a72f5addf5b546f0c3e41361ecc58bf') in 0.008950 seconds
Number of updated asset objects reloaded before import = 0
Number of asset objects unloaded after import = 1
========================================================================
Received Import Request.
  Time since last request: 0.000055 seconds.
  path: Assets/Kitchen Collection 2/Prefabs/Utensil 2.prefab
  artifactKey: Guid(1f5853fca0eab404088d2ad21546b30f) Importer(2089858483,0ecaa5967403d082aa24f35e1b516d23)
Start importing Assets/Kitchen Collection 2/Prefabs/Utensil 2.prefab using Guid(1f5853fca0eab404088d2ad21546b30f) Importer(2089858483,0ecaa5967403d082aa24f35e1b516d23) [PhysX] Initialized MultithreadedTaskDispatcher with 32 workers.
 -> (artifact id: '82f88874c0947f1f9c6747e995be662b') in 0.006993 seconds
Number of updated asset objects reloaded before import = 0
Number of asset objects unloaded after import = 7
========================================================================
Received Import Request.
  Time since last request: 0.000016 seconds.
  path: Assets/fbx/fbx/textures/T_BellPepperRed_AO.png
  artifactKey: Guid(c591750a31c20b641a7dc85815fbc251) Importer(2089858483,0ecaa5967403d082aa24f35e1b516d23)
Start importing Assets/fbx/fbx/textures/T_BellPepperRed_AO.png using Guid(c591750a31c20b641a7dc85815fbc251) Importer(2089858483,0ecaa5967403d082aa24f35e1b516d23) [PhysX] Initialized MultithreadedTaskDispatcher with 32 workers.
 -> (artifact id: '99c780810c04486321b978cef123c469') in 0.008263 seconds
Number of updated asset objects reloaded before import = 0
Number of asset objects unloaded after import = 1
========================================================================
Received Import Request.
  Time since last request: 0.000056 seconds.
  path: Assets/Kitchen Collection 2/Textures/lemon 2.png
  artifactKey: Guid(7d3aa2f2b87286d41a4369dd8f709400) Importer(2089858483,0ecaa5967403d082aa24f35e1b516d23)
Start importing Assets/Kitchen Collection 2/Textures/lemon 2.png using Guid(7d3aa2f2b87286d41a4369dd8f709400) Importer(2089858483,0ecaa5967403d082aa24f35e1b516d23) [PhysX] Initialized MultithreadedTaskDispatcher with 32 workers.
 -> (artifact id: '7c6c9fd79d4817ce862140ea221c7f13') in 0.008554 seconds
Number of updated asset objects reloaded before import = 0
Number of asset objects unloaded after import = 1
========================================================================
Received Import Request.
  Time since last request: 0.000050 seconds.
  path: Assets/Kitchen Collection 2/Prefabs/Dish rack.prefab
  artifactKey: Guid(f3928a48a276e914d9c7bcd97e9b1cdd) Importer(2089858483,0ecaa5967403d082aa24f35e1b516d23)
Start importing Assets/Kitchen Collection 2/Prefabs/Dish rack.prefab using Guid(f3928a48a276e914d9c7bcd97e9b1cdd) Importer(2089858483,0ecaa5967403d082aa24f35e1b516d23) [PhysX] Initialized MultithreadedTaskDispatcher with 32 workers.
 -> (artifact id: 'ce63e0f7023e2db3eb96a6483b5a3990') in 0.007003 seconds
Number of updated asset objects reloaded before import = 0
Number of asset objects unloaded after import = 7
========================================================================
Received Import Request.
  Time since last request: 0.000017 seconds.
  path: Assets/Kitchen Collection 2/Prefabs/Exhaust hood.prefab
  artifactKey: Guid(00694d2e95ae2f54199cd3a3af8741d3) Importer(2089858483,0ecaa5967403d082aa24f35e1b516d23)
Start importing Assets/Kitchen Collection 2/Prefabs/Exhaust hood.prefab using Guid(00694d2e95ae2f54199cd3a3af8741d3) Importer(2089858483,0ecaa5967403d082aa24f35e1b516d23) [PhysX] Initialized MultithreadedTaskDispatcher with 32 workers.
 -> (artifact id: '7d66a46154e3df297dbe76c60d6cb3e0') in 0.008167 seconds
Number of updated asset objects reloaded before import = 0
Number of asset objects unloaded after import = 7
========================================================================
Received Import Request.
  Time since last request: 0.000017 seconds.
  path: Assets/_TerrainAutoUpgrade/layer_grassa94091e7652eba76.terrainlayer
  artifactKey: Guid(00d1e1dc1995a5e41a83ca967c035f71) Importer(2089858483,0ecaa5967403d082aa24f35e1b516d23)
Start importing Assets/_TerrainAutoUpgrade/layer_grassa94091e7652eba76.terrainlayer using Guid(00d1e1dc1995a5e41a83ca967c035f71) Importer(2089858483,0ecaa5967403d082aa24f35e1b516d23) [PhysX] Initialized MultithreadedTaskDispatcher with 32 workers.
 -> (artifact id: 'a6e129c2765d3ae7764c549a964e9806') in 0.006994 seconds
Number of updated asset objects reloaded before import = 0
Number of asset objects unloaded after import = 2
========================================================================
Received Import Request.
  Time since last request: 0.000139 seconds.
  path: Assets/Kitchen Collection 2/Models/Switch.FBX
  artifactKey: Guid(f424ba62889adf642a4e9b2a5884011a) Importer(2089858483,0ecaa5967403d082aa24f35e1b516d23)
Start importing Assets/Kitchen Collection 2/Models/Switch.FBX using Guid(f424ba62889adf642a4e9b2a5884011a) Importer(2089858483,0ecaa5967403d082aa24f35e1b516d23) [PhysX] Initialized MultithreadedTaskDispatcher with 32 workers.
 -> (artifact id: 'd2953320b1dc0bcf580b326782018f69') in 0.009373 seconds
Number of updated asset objects reloaded before import = 0
Number of asset objects unloaded after import = 7
========================================================================
Received Import Request.
  Time since last request: 0.000021 seconds.
  path: Assets/Kitchen_Cooking_FX/Audio/Running_Water_Audio.wav
  artifactKey: Guid(d4a254c30cb2d5c4cb9dc4717bc14afa) Importer(2089858483,0ecaa5967403d082aa24f35e1b516d23)
Start importing Assets/Kitchen_Cooking_FX/Audio/Running_Water_Audio.wav using Guid(d4a254c30cb2d5c4cb9dc4717bc14afa) Importer(2089858483,0ecaa5967403d082aa24f35e1b516d23) [PhysX] Initialized MultithreadedTaskDispatcher with 32 workers.
 -> (artifact id: '079458f43524f114e234957f5b0c5f0c') in 0.040475 seconds
Number of updated asset objects reloaded before import = 0
Number of asset objects unloaded after import = 1
========================================================================
Received Import Request.
  Time since last request: 0.000026 seconds.
  path: Assets/Kitchen Collection 2/Models/Materials/apricot.mat
  artifactKey: Guid(414c0f2097903804a92860dc783cbeda) Importer(2089858483,0ecaa5967403d082aa24f35e1b516d23)
Start importing Assets/Kitchen Collection 2/Models/Materials/apricot.mat using Guid(414c0f2097903804a92860dc783cbeda) Importer(2089858483,0ecaa5967403d082aa24f35e1b516d23) [PhysX] Initialized MultithreadedTaskDispatcher with 32 workers.
 -> (artifact id: 'd6b15122e07a7060954e6cdce11421dc') in 0.009502 seconds
Number of updated asset objects reloaded before import = 0
Number of asset objects unloaded after import = 3
========================================================================
Received Import Request.
  Time since last request: 0.000019 seconds.
  path: Assets/fbx/fbx/textures/T_Tomato_AO.png
  artifactKey: Guid(f589bd717f679c241b9651c31360c92f) Importer(2089858483,0ecaa5967403d082aa24f35e1b516d23)
Start importing Assets/fbx/fbx/textures/T_Tomato_AO.png using Guid(f589bd717f679c241b9651c31360c92f) Importer(2089858483,0ecaa5967403d082aa24f35e1b516d23) [PhysX] Initialized MultithreadedTaskDispatcher with 32 workers.
 -> (artifact id: '810479a8e6cfa9f455338ed55f8d65f9') in 0.010836 seconds
Number of updated asset objects reloaded before import = 0
Number of asset objects unloaded after import = 1
========================================================================
Received Import Request.
  Time since last request: 0.000133 seconds.
  path: Assets/Kitchen Collection 2/Models/Materials/furniture glass.mat
  artifactKey: Guid(65c884a351aaf8042974da84718ea743) Importer(2089858483,0ecaa5967403d082aa24f35e1b516d23)
Start importing Assets/Kitchen Collection 2/Models/Materials/furniture glass.mat using Guid(65c884a351aaf8042974da84718ea743) Importer(2089858483,0ecaa5967403d082aa24f35e1b516d23) [PhysX] Initialized MultithreadedTaskDispatcher with 32 workers.
 -> (artifact id: '8b9aa5a92feec1d85b57591832f43464') in 0.032365 seconds
Number of updated asset objects reloaded before import = 0
Number of asset objects unloaded after import = 1
========================================================================
Received Import Request.
  Time since last request: 0.000044 seconds.
  path: Assets/Kitchen Collection 2/Models/Materials/cloth2.mat
  artifactKey: Guid(390c53b143c99ad4789bcfcbfe5aa227) Importer(2089858483,0ecaa5967403d082aa24f35e1b516d23)
Start importing Assets/Kitchen Collection 2/Models/Materials/cloth2.mat using Guid(390c53b143c99ad4789bcfcbfe5aa227) Importer(2089858483,0ecaa5967403d082aa24f35e1b516d23) [PhysX] Initialized MultithreadedTaskDispatcher with 32 workers.
 -> (artifact id: '2efb13d257bb2b0b2e08b5ddec9bc9e6') in 0.008800 seconds
Number of updated asset objects reloaded before import = 0
Number of asset objects unloaded after import = 2
========================================================================
Received Import Request.
  Time since last request: 0.000017 seconds.
  path: Assets/Kitchen Collection 2/Models/Materials/floor.mat
  artifactKey: Guid(33daf1c00bdf0704db8526bd64bfaf8b) Importer(2089858483,0ecaa5967403d082aa24f35e1b516d23)
Start importing Assets/Kitchen Collection 2/Models/Materials/floor.mat using Guid(33daf1c00bdf0704db8526bd64bfaf8b) Importer(2089858483,0ecaa5967403d082aa24f35e1b516d23) [PhysX] Initialized MultithreadedTaskDispatcher with 32 workers.
 -> (artifact id: '698e2265a4884af0a7e7f6f281aaa2ab') in 0.012614 seconds
Number of updated asset objects reloaded before import = 0
Number of asset objects unloaded after import = 3
========================================================================
Received Import Request.
  Time since last request: 0.000028 seconds.
  path: Assets/fbx/fbx/textures/T_Onion_AO.png
  artifactKey: Guid(c10fc2429fb61884bb5367cae3c5f93d) Importer(2089858483,0ecaa5967403d082aa24f35e1b516d23)
Start importing Assets/fbx/fbx/textures/T_Onion_AO.png using Guid(c10fc2429fb61884bb5367cae3c5f93d) Importer(2089858483,0ecaa5967403d082aa24f35e1b516d23) [PhysX] Initialized MultithreadedTaskDispatcher with 32 workers.
 -> (artifact id: '63cdfd8914e75e9c84486881644e4dac') in 0.013300 seconds
Number of updated asset objects reloaded before import = 0
Number of asset objects unloaded after import = 1
========================================================================
Received Import Request.
  Time since last request: 0.000024 seconds.
  path: Assets/fbx/fbx/textures/T_Onion_C.png
  artifactKey: Guid(4c0ca461839da6249983d628d97f8ff0) Importer(2089858483,0ecaa5967403d082aa24f35e1b516d23)
Start importing Assets/fbx/fbx/textures/T_Onion_C.png using Guid(4c0ca461839da6249983d628d97f8ff0) Importer(2089858483,0ecaa5967403d082aa24f35e1b516d23) [PhysX] Initialized MultithreadedTaskDispatcher with 32 workers.
 -> (artifact id: '6921ac583db3eebc7690caf98bb930f6') in 0.013159 seconds
Number of updated asset objects reloaded before import = 0
Number of asset objects unloaded after import = 1
========================================================================
Received Import Request.
  Time since last request: 0.000020 seconds.
  path: Assets/Kitchen Collection 2/Models/Materials/Exhaust hood metallic.mat
  artifactKey: Guid(8d12bcce4bef381419fb0c1fe051d495) Importer(2089858483,0ecaa5967403d082aa24f35e1b516d23)
Start importing Assets/Kitchen Collection 2/Models/Materials/Exhaust hood metallic.mat using Guid(8d12bcce4bef381419fb0c1fe051d495) Importer(2089858483,0ecaa5967403d082aa24f35e1b516d23) [PhysX] Initialized MultithreadedTaskDispatcher with 32 workers.
 -> (artifact id: '48d26d127f02847e04d25af2cfb41268') in 0.008961 seconds
Number of updated asset objects reloaded before import = 0
Number of asset objects unloaded after import = 1
========================================================================
Received Import Request.
  Time since last request: 0.000022 seconds.
  path: Assets/fbx/fbx/textures/T_Pumpkin_N.png
  artifactKey: Guid(d7126bdc76837d4438be0ae10e4a44c8) Importer(2089858483,0ecaa5967403d082aa24f35e1b516d23)
Start importing Assets/fbx/fbx/textures/T_Pumpkin_N.png using Guid(d7126bdc76837d4438be0ae10e4a44c8) Importer(2089858483,0ecaa5967403d082aa24f35e1b516d23) [PhysX] Initialized MultithreadedTaskDispatcher with 32 workers.
 -> (artifact id: '2bcd3b99043e3726a50c82c6477186d5') in 0.012136 seconds
Number of updated asset objects reloaded before import = 0
Number of asset objects unloaded after import = 1
========================================================================
Received Import Request.
  Time since last request: 0.000042 seconds.
  path: Assets/fbx/fbx/textures/T_Mushroom_N.png
  artifactKey: Guid(27c54bf1ed1813741bdd8afa6b8bf901) Importer(2089858483,0ecaa5967403d082aa24f35e1b516d23)
Start importing Assets/fbx/fbx/textures/T_Mushroom_N.png using Guid(27c54bf1ed1813741bdd8afa6b8bf901) Importer(2089858483,0ecaa5967403d082aa24f35e1b516d23) [PhysX] Initialized MultithreadedTaskDispatcher with 32 workers.
 -> (artifact id: 'e0df599cfc10d90131dd5f4bbc0ced2f') in 0.011484 seconds
Number of updated asset objects reloaded before import = 0
Number of asset objects unloaded after import = 1
========================================================================
Received Import Request.
  Time since last request: 0.000023 seconds.
  path: Assets/Kitchen Collection 2/Models/Materials/bin material.mat
  artifactKey: Guid(e6f8d3bbee7d15342a1bae51f0016829) Importer(2089858483,0ecaa5967403d082aa24f35e1b516d23)
Start importing Assets/Kitchen Collection 2/Models/Materials/bin material.mat using Guid(e6f8d3bbee7d15342a1bae51f0016829) Importer(2089858483,0ecaa5967403d082aa24f35e1b516d23) [PhysX] Initialized MultithreadedTaskDispatcher with 32 workers.
 -> (artifact id: '287641ce231e15892630bf1590f9bbf9') in 0.007432 seconds
Number of updated asset objects reloaded before import = 0
Number of asset objects unloaded after import = 1
========================================================================
Received Import Request.
  Time since last request: 0.000049 seconds.
  path: Assets/Kitchen Collection 2/Models/Materials/carpet.mat
  artifactKey: Guid(3a17c96f75edd224587f9773afea9838) Importer(2089858483,0ecaa5967403d082aa24f35e1b516d23)
Start importing Assets/Kitchen Collection 2/Models/Materials/carpet.mat using Guid(3a17c96f75edd224587f9773afea9838) Importer(2089858483,0ecaa5967403d082aa24f35e1b516d23) [PhysX] Initialized MultithreadedTaskDispatcher with 32 workers.
 -> (artifact id: 'df8846e55c9a69f130f3a1c0b75caec6') in 0.006476 seconds
Number of updated asset objects reloaded before import = 0
Number of asset objects unloaded after import = 2
========================================================================
Received Import Request.
  Time since last request: 0.000015 seconds.
  path: Assets/fbx/fbx/textures/T_SweetPotato_R.png
  artifactKey: Guid(8181dedb1e377ff47a083f39cfbcb5b2) Importer(2089858483,0ecaa5967403d082aa24f35e1b516d23)
Start importing Assets/fbx/fbx/textures/T_SweetPotato_R.png using Guid(8181dedb1e377ff47a083f39cfbcb5b2) Importer(2089858483,0ecaa5967403d082aa24f35e1b516d23) [PhysX] Initialized MultithreadedTaskDispatcher with 32 workers.
 -> (artifact id: 'a5b20ca9f2622600137413d11fe9395e') in 0.011218 seconds
Number of updated asset objects reloaded before import = 0
Number of asset objects unloaded after import = 1
========================================================================
Received Import Request.
  Time since last request: 0.000085 seconds.
  path: Assets/HQ Laptop/Mesh/Materials/Laptop_dark.mat
  artifactKey: Guid(f10ad687f04139a4b873242e429166a7) Importer(2089858483,0ecaa5967403d082aa24f35e1b516d23)
Start importing Assets/HQ Laptop/Mesh/Materials/Laptop_dark.mat using Guid(f10ad687f04139a4b873242e429166a7) Importer(2089858483,0ecaa5967403d082aa24f35e1b516d23) [PhysX] Initialized MultithreadedTaskDispatcher with 32 workers.
 -> (artifact id: 'ce2f2adee0df6b3ddb608834b16d3645') in 0.065285 seconds
Number of updated asset objects reloaded before import = 0
Number of asset objects unloaded after import = 5
========================================================================
Received Import Request.
  Time since last request: 0.000034 seconds.
  path: Assets/Kitchen Collection 2/Models/Materials/dish.mat
  artifactKey: Guid(7cc7636619fcd8e48bd0a495e03d1556) Importer(2089858483,0ecaa5967403d082aa24f35e1b516d23)
Start importing Assets/Kitchen Collection 2/Models/Materials/dish.mat using Guid(7cc7636619fcd8e48bd0a495e03d1556) Importer(2089858483,0ecaa5967403d082aa24f35e1b516d23) [PhysX] Initialized MultithreadedTaskDispatcher with 32 workers.
 -> (artifact id: '51f1b6842989453375ca1cd885358b9e') in 0.005685 seconds
Number of updated asset objects reloaded before import = 0
Number of asset objects unloaded after import = 1
========================================================================
Received Import Request.
  Time since last request: 0.000070 seconds.
  path: Assets/fbx/fbx/textures/T_Radish_AO.png
  artifactKey: Guid(962b925d0fbe7d54fa7fc2834e31ca57) Importer(2089858483,0ecaa5967403d082aa24f35e1b516d23)
Start importing Assets/fbx/fbx/textures/T_Radish_AO.png using Guid(962b925d0fbe7d54fa7fc2834e31ca57) Importer(2089858483,0ecaa5967403d082aa24f35e1b516d23) [PhysX] Initialized MultithreadedTaskDispatcher with 32 workers.
 -> (artifact id: '9b3fe4f793430fe4da1739dcd1ac9a58') in 0.013992 seconds
Number of updated asset objects reloaded before import = 0
Number of asset objects unloaded after import = 1
========================================================================
Received Import Request.
  Time since last request: 0.000131 seconds.
  path: Assets/fbx/fbx/textures/T_Radish_N.png
  artifactKey: Guid(c274ffc0925c1ec46a177cfad175c6fa) Importer(2089858483,0ecaa5967403d082aa24f35e1b516d23)
Start importing Assets/fbx/fbx/textures/T_Radish_N.png using Guid(c274ffc0925c1ec46a177cfad175c6fa) Importer(2089858483,0ecaa5967403d082aa24f35e1b516d23) [PhysX] Initialized MultithreadedTaskDispatcher with 32 workers.
 -> (artifact id: 'a030acf8e64e03273069091b5b4f9327') in 0.010885 seconds
Number of updated asset objects reloaded before import = 0
Number of asset objects unloaded after import = 1
========================================================================
Received Import Request.
  Time since last request: 0.000079 seconds.
  path: Assets/Kitchen Collection 2/Models/Materials/fabric 2.mat
  artifactKey: Guid(426fb3e4590da8f4db561c5e87f32d86) Importer(2089858483,0ecaa5967403d082aa24f35e1b516d23)
Start importing Assets/Kitchen Collection 2/Models/Materials/fabric 2.mat using Guid(426fb3e4590da8f4db561c5e87f32d86) Importer(2089858483,0ecaa5967403d082aa24f35e1b516d23) [PhysX] Initialized MultithreadedTaskDispatcher with 32 workers.
 -> (artifact id: '4e5640e57b6996dab2b68d6199bc61c2') in 0.005593 seconds
Number of updated asset objects reloaded before import = 0
Number of asset objects unloaded after import = 2
========================================================================
Received Import Request.
  Time since last request: 0.000019 seconds.
  path: Assets/fbx/fbx/textures/T_KingOysterMushroom_N.png
  artifactKey: Guid(7152919e6106d4b4eb8654bdf852e255) Importer(2089858483,0ecaa5967403d082aa24f35e1b516d23)
Start importing Assets/fbx/fbx/textures/T_KingOysterMushroom_N.png using Guid(7152919e6106d4b4eb8654bdf852e255) Importer(2089858483,0ecaa5967403d082aa24f35e1b516d23) [PhysX] Initialized MultithreadedTaskDispatcher with 32 workers.
 -> (artifact id: 'aab3dc74079ef1fc88539f7c5abd4a79') in 0.014291 seconds
Number of updated asset objects reloaded before import = 0
Number of asset objects unloaded after import = 1
========================================================================
Received Import Request.
  Time since last request: 0.000072 seconds.
  path: Assets/fbx/fbx/textures/T_Potato_AO.png
  artifactKey: Guid(01a0b0749ef4469429eec851bac6c9d6) Importer(2089858483,0ecaa5967403d082aa24f35e1b516d23)
Start importing Assets/fbx/fbx/textures/T_Potato_AO.png using Guid(01a0b0749ef4469429eec851bac6c9d6) Importer(2089858483,0ecaa5967403d082aa24f35e1b516d23) [PhysX] Initialized MultithreadedTaskDispatcher with 32 workers.
 -> (artifact id: '4ae23729f4a51a3a13b2bed89d145360') in 0.010173 seconds
Number of updated asset objects reloaded before import = 0
Number of asset objects unloaded after import = 1
========================================================================
Received Import Request.
  Time since last request: 0.000056 seconds.
  path: Assets/fbx/fbx/textures/T_Leek_R.png
  artifactKey: Guid(cad63df780606674daa0e09cba12e6c5) Importer(2089858483,0ecaa5967403d082aa24f35e1b516d23)
Start importing Assets/fbx/fbx/textures/T_Leek_R.png using Guid(cad63df780606674daa0e09cba12e6c5) Importer(2089858483,0ecaa5967403d082aa24f35e1b516d23) [PhysX] Initialized MultithreadedTaskDispatcher with 32 workers.
 -> (artifact id: 'f38474aa627c8b99e8e6226721a9d4bb') in 0.009394 seconds
Number of updated asset objects reloaded before import = 0
Number of asset objects unloaded after import = 1
========================================================================
Received Import Request.
  Time since last request: 0.000090 seconds.
  path: Assets/fbx/fbx/textures/T_Potato_N.png
  artifactKey: Guid(5d9d36c0fdff3fd418d75588af885569) Importer(2089858483,0ecaa5967403d082aa24f35e1b516d23)
Start importing Assets/fbx/fbx/textures/T_Potato_N.png using Guid(5d9d36c0fdff3fd418d75588af885569) Importer(2089858483,0ecaa5967403d082aa24f35e1b516d23) [PhysX] Initialized MultithreadedTaskDispatcher with 32 workers.
 -> (artifact id: 'f4eaec643fb673baa1c97e89e9a1f603') in 0.010908 seconds
Number of updated asset objects reloaded before import = 0
Number of asset objects unloaded after import = 1
========================================================================
Received Import Request.
  Time since last request: 0.000228 seconds.
  path: Assets/Kitchen Collection 2/Models/Materials/metallic fork.mat
  artifactKey: Guid(c314a6de1fa266242a7f5baa045b7cf0) Importer(2089858483,0ecaa5967403d082aa24f35e1b516d23)
Start importing Assets/Kitchen Collection 2/Models/Materials/metallic fork.mat using Guid(c314a6de1fa266242a7f5baa045b7cf0) Importer(2089858483,0ecaa5967403d082aa24f35e1b516d23) [PhysX] Initialized MultithreadedTaskDispatcher with 32 workers.
 -> (artifact id: '385926438c124e8c5186c5f5114e9bef') in 0.005831 seconds
Number of updated asset objects reloaded before import = 0
Number of asset objects unloaded after import = 1
========================================================================
Received Import Request.
  Time since last request: 0.000139 seconds.
  path: Assets/Kitchen Collection 2/Models/Materials/metalic tap.mat
  artifactKey: Guid(81ee9a6a64981964c9fa6d9cb9f5f636) Importer(2089858483,0ecaa5967403d082aa24f35e1b516d23)
Start importing Assets/Kitchen Collection 2/Models/Materials/metalic tap.mat using Guid(81ee9a6a64981964c9fa6d9cb9f5f636) Importer(2089858483,0ecaa5967403d082aa24f35e1b516d23) [PhysX] Initialized MultithreadedTaskDispatcher with 32 workers.
 -> (artifact id: 'd3ab11fc18e7964608cc5e767001d914') in 0.010285 seconds
Number of updated asset objects reloaded before import = 0
Number of asset objects unloaded after import = 1
========================================================================
Received Import Request.
  Time since last request: 0.000095 seconds.
  path: Assets/Kitchen Collection 2/Models/Materials/Books.mat
  artifactKey: Guid(90a6bba5adb946d409e410cd19e235bf) Importer(2089858483,0ecaa5967403d082aa24f35e1b516d23)
Start importing Assets/Kitchen Collection 2/Models/Materials/Books.mat using Guid(90a6bba5adb946d409e410cd19e235bf) Importer(2089858483,0ecaa5967403d082aa24f35e1b516d23) [PhysX] Initialized MultithreadedTaskDispatcher with 32 workers.
 -> (artifact id: '176befcb957499cf3877076b7f67c1a3') in 0.007167 seconds
Number of updated asset objects reloaded before import = 0
Number of asset objects unloaded after import = 2
========================================================================
Received Import Request.
  Time since last request: 0.000020 seconds.
  path: Assets/fbx/fbx/textures/T_Pumpkin_R.png
  artifactKey: Guid(6d60c4906bffb9b4899c6947cf20a57d) Importer(2089858483,0ecaa5967403d082aa24f35e1b516d23)
Start importing Assets/fbx/fbx/textures/T_Pumpkin_R.png using Guid(6d60c4906bffb9b4899c6947cf20a57d) Importer(2089858483,0ecaa5967403d082aa24f35e1b516d23) [PhysX] Initialized MultithreadedTaskDispatcher with 32 workers.
 -> (artifact id: 'c3886a9ef37b967526f1f8667ba9decc') in 0.010190 seconds
Number of updated asset objects reloaded before import = 0
Number of asset objects unloaded after import = 1
========================================================================
Received Import Request.
  Time since last request: 0.000077 seconds.
  path: Assets/Kitchen Collection 2/Models/Materials/clock.mat
  artifactKey: Guid(827c81069dec6c74b862bb853e1721f8) Importer(2089858483,0ecaa5967403d082aa24f35e1b516d23)
Start importing Assets/Kitchen Collection 2/Models/Materials/clock.mat using Guid(827c81069dec6c74b862bb853e1721f8) Importer(2089858483,0ecaa5967403d082aa24f35e1b516d23) [PhysX] Initialized MultithreadedTaskDispatcher with 32 workers.
 -> (artifact id: 'a20e248fe387166ab36db916cc484841') in 0.005642 seconds
Number of updated asset objects reloaded before import = 0
Number of asset objects unloaded after import = 2
========================================================================
Received Import Request.
  Time since last request: 0.000017 seconds.
  path: Assets/fbx/fbx/textures/T_Radish_C.png
  artifactKey: Guid(840e4c9dbc2596e4fa34e11023c8bb6d) Importer(2089858483,0ecaa5967403d082aa24f35e1b516d23)
Start importing Assets/fbx/fbx/textures/T_Radish_C.png using Guid(840e4c9dbc2596e4fa34e11023c8bb6d) Importer(2089858483,0ecaa5967403d082aa24f35e1b516d23) [PhysX] Initialized MultithreadedTaskDispatcher with 32 workers.
 -> (artifact id: '00b8425e447b10f022c5b657bbe25fe2') in 0.010068 seconds
Number of updated asset objects reloaded before import = 0
Number of asset objects unloaded after import = 1
========================================================================
Received Import Request.
  Time since last request: 0.000060 seconds.
  path: Assets/Kitchen Collection 2/Models/Materials/door.mat
  artifactKey: Guid(1bc12c99d122e6d4b9571d446002f8c2) Importer(2089858483,0ecaa5967403d082aa24f35e1b516d23)
Start importing Assets/Kitchen Collection 2/Models/Materials/door.mat using Guid(1bc12c99d122e6d4b9571d446002f8c2) Importer(2089858483,0ecaa5967403d082aa24f35e1b516d23) [PhysX] Initialized MultithreadedTaskDispatcher with 32 workers.
 -> (artifact id: 'be7b261356c6f51f3d9414b9013b84a9') in 0.006078 seconds
Number of updated asset objects reloaded before import = 0
Number of asset objects unloaded after import = 2
========================================================================
Received Import Request.
  Time since last request: 0.000021 seconds.
  path: Assets/HQ Laptop/Mesh/Materials/Laptop_white_off.mat
  artifactKey: Guid(6cd28e4f8bb73734d940ef363ae9dcf9) Importer(2089858483,0ecaa5967403d082aa24f35e1b516d23)
Start importing Assets/HQ Laptop/Mesh/Materials/Laptop_white_off.mat using Guid(6cd28e4f8bb73734d940ef363ae9dcf9) Importer(2089858483,0ecaa5967403d082aa24f35e1b516d23) [PhysX] Initialized MultithreadedTaskDispatcher with 32 workers.
 -> (artifact id: '9ba873aef6b7f35f5e2e3fc4122620b9') in 0.035313 seconds
Number of updated asset objects reloaded before import = 0
Number of asset objects unloaded after import = 4
========================================================================
Received Import Request.
  Time since last request: 0.000032 seconds.
  path: Assets/Kitchen Collection 2/Models/Materials/dishwasher.mat
  artifactKey: Guid(34a93778de7e6364ea00456323006c23) Importer(2089858483,0ecaa5967403d082aa24f35e1b516d23)
Start importing Assets/Kitchen Collection 2/Models/Materials/dishwasher.mat using Guid(34a93778de7e6364ea00456323006c23) Importer(2089858483,0ecaa5967403d082aa24f35e1b516d23) [PhysX] Initialized MultithreadedTaskDispatcher with 32 workers.
 -> (artifact id: 'fdd87f5dea9149f19ac318e45e3b096c') in 0.009805 seconds
Number of updated asset objects reloaded before import = 0
Number of asset objects unloaded after import = 2
========================================================================
Received Import Request.
  Time since last request: 0.000336 seconds.
  path: Assets/Kitchen Collection 2/Models/Materials/fabric2.mat
  artifactKey: Guid(c8a31a2fd6488de47b65de9e44d781b1) Importer(2089858483,0ecaa5967403d082aa24f35e1b516d23)
Start importing Assets/Kitchen Collection 2/Models/Materials/fabric2.mat using Guid(c8a31a2fd6488de47b65de9e44d781b1) Importer(2089858483,0ecaa5967403d082aa24f35e1b516d23) [PhysX] Initialized MultithreadedTaskDispatcher with 32 workers.
 -> (artifact id: '9229cbf791bb11af1a5b1dd61d7a180f') in 0.009977 seconds
Number of updated asset objects reloaded before import = 0
Number of asset objects unloaded after import = 3
========================================================================
Received Import Request.
  Time since last request: 0.000021 seconds.
  path: Assets/fbx/fbx/textures/T_Tomato_R.png
  artifactKey: Guid(b3b16a720f3079e40bcb10b5abc4a60a) Importer(2089858483,0ecaa5967403d082aa24f35e1b516d23)
Start importing Assets/fbx/fbx/textures/T_Tomato_R.png using Guid(b3b16a720f3079e40bcb10b5abc4a60a) Importer(2089858483,0ecaa5967403d082aa24f35e1b516d23) [PhysX] Initialized MultithreadedTaskDispatcher with 32 workers.
 -> (artifact id: '0979cbde4f82b6c160c240750a155c84') in 0.010502 seconds
Number of updated asset objects reloaded before import = 0
Number of asset objects unloaded after import = 1
========================================================================
Received Import Request.
  Time since last request: 0.000034 seconds.
  path: Assets/fbx/fbx/textures/T_Zucchini_C.png
  artifactKey: Guid(fa15d551a0194534286b695fcf186c56) Importer(2089858483,0ecaa5967403d082aa24f35e1b516d23)
Start importing Assets/fbx/fbx/textures/T_Zucchini_C.png using Guid(fa15d551a0194534286b695fcf186c56) Importer(2089858483,0ecaa5967403d082aa24f35e1b516d23) [PhysX] Initialized MultithreadedTaskDispatcher with 32 workers.
 -> (artifact id: '5800e263e787f19d5288588b419dec4a') in 0.015532 seconds
Number of updated asset objects reloaded before import = 0
Number of asset objects unloaded after import = 1
========================================================================
Received Import Request.
  Time since last request: 0.000021 seconds.
  path: Assets/fbx/fbx/textures/T_Mushroom_AO.png
  artifactKey: Guid(d5f7982af1fc45b4fb0aa417897a2fe2) Importer(2089858483,0ecaa5967403d082aa24f35e1b516d23)
Start importing Assets/fbx/fbx/textures/T_Mushroom_AO.png using Guid(d5f7982af1fc45b4fb0aa417897a2fe2) Importer(2089858483,0ecaa5967403d082aa24f35e1b516d23) [PhysX] Initialized MultithreadedTaskDispatcher with 32 workers.
 -> (artifact id: '0efede247d7cc32e630052735d75d46f') in 0.008874 seconds
Number of updated asset objects reloaded before import = 0
Number of asset objects unloaded after import = 1
========================================================================
Received Import Request.
  Time since last request: 0.000020 seconds.
  path: Assets/Kitchen Collection 2/Models/Materials/cup 1.mat
  artifactKey: Guid(cc21cd3ee020a5a488028f13376b3458) Importer(2089858483,0ecaa5967403d082aa24f35e1b516d23)
Start importing Assets/Kitchen Collection 2/Models/Materials/cup 1.mat using Guid(cc21cd3ee020a5a488028f13376b3458) Importer(2089858483,0ecaa5967403d082aa24f35e1b516d23) [PhysX] Initialized MultithreadedTaskDispatcher with 32 workers.
 -> (artifact id: 'cda87322d01631e846ba524b4310a699') in 0.010106 seconds
Number of updated asset objects reloaded before import = 0
Number of asset objects unloaded after import = 2
========================================================================
Received Import Request.
  Time since last request: 0.000016 seconds.
  path: Assets/Kitchen Collection 2/Models/Materials/vase 3.mat
  artifactKey: Guid(ca82a89058d2f054e9ea48b277b37a97) Importer(2089858483,0ecaa5967403d082aa24f35e1b516d23)
Start importing Assets/Kitchen Collection 2/Models/Materials/vase 3.mat using Guid(ca82a89058d2f054e9ea48b277b37a97) Importer(2089858483,0ecaa5967403d082aa24f35e1b516d23) [PhysX] Initialized MultithreadedTaskDispatcher with 32 workers.
 -> (artifact id: 'eff8de16007ed3841a9ac2011269be7f') in 0.007306 seconds
Number of updated asset objects reloaded before import = 0
Number of asset objects unloaded after import = 3
========================================================================
Received Import Request.
  Time since last request: 0.000020 seconds.
  path: Assets/TextMesh Pro/Examples & Extras/Fonts/Anton OFL.txt
  artifactKey: Guid(73a79399807f4e8388c2cbb5494681ca) Importer(2089858483,0ecaa5967403d082aa24f35e1b516d23)
Start importing Assets/TextMesh Pro/Examples & Extras/Fonts/Anton OFL.txt using Guid(73a79399807f4e8388c2cbb5494681ca) Importer(2089858483,0ecaa5967403d082aa24f35e1b516d23) [PhysX] Initialized MultithreadedTaskDispatcher with 32 workers.
 -> (artifact id: '4a4e12779fb8b391daf54a59548562c9') in 0.005875 seconds
Number of updated asset objects reloaded before import = 0
Number of asset objects unloaded after import = 1
========================================================================
Received Import Request.
  Time since last request: 0.000790 seconds.
  path: Assets/TextMesh Pro/Examples & Extras/Prefabs/TextMeshPro - Prefab 1.prefab
  artifactKey: Guid(a6e39ced0ea046bcb636c3f0b2e2a745) Importer(2089858483,0ecaa5967403d082aa24f35e1b516d23)
Start importing Assets/TextMesh Pro/Examples & Extras/Prefabs/TextMeshPro - Prefab 1.prefab using Guid(a6e39ced0ea046bcb636c3f0b2e2a745) Importer(2089858483,0ecaa5967403d082aa24f35e1b516d23) [PhysX] Initialized MultithreadedTaskDispatcher with 32 workers.
 -> (artifact id: '512aea63712db2d4c2994ee656e8badf') in 0.076632 seconds
Number of updated asset objects reloaded before import = 0
Number of asset objects unloaded after import = 16
========================================================================
Received Import Request.
  Time since last request: 0.000017 seconds.
  path: Assets/Kitchen_Cooking_FX/FBX/Materials/Water_Mist_mtl.mat
  artifactKey: Guid(2e332de76ec008e45b86a06f868f58e1) Importer(2089858483,0ecaa5967403d082aa24f35e1b516d23)
Start importing Assets/Kitchen_Cooking_FX/FBX/Materials/Water_Mist_mtl.mat using Guid(2e332de76ec008e45b86a06f868f58e1) Importer(2089858483,0ecaa5967403d082aa24f35e1b516d23) [PhysX] Initialized MultithreadedTaskDispatcher with 32 workers.
 -> (artifact id: 'd4115934df4e9999bcbdb2c45b7dfc35') in 0.017246 seconds
Number of updated asset objects reloaded before import = 0
Number of asset objects unloaded after import = 2
========================================================================
Received Import Request.
  Time since last request: 0.000022 seconds.
  path: Assets/TextMesh Pro/Examples & Extras/Scenes/07 - Superscript & Subscript Example.unity
  artifactKey: Guid(03ec435d4b7140e9b2d87f79136d8374) Importer(2089858483,0ecaa5967403d082aa24f35e1b516d23)
Start importing Assets/TextMesh Pro/Examples & Extras/Scenes/07 - Superscript & Subscript Example.unity using Guid(03ec435d4b7140e9b2d87f79136d8374) Importer(2089858483,0ecaa5967403d082aa24f35e1b516d23) [PhysX] Initialized MultithreadedTaskDispatcher with 32 workers.
 -> (artifact id: '79ab3882665c12eec631aa3eb7ee7d85') in 0.005400 seconds
Number of updated asset objects reloaded before import = 0
Number of asset objects unloaded after import = 1
========================================================================
Received Import Request.
  Time since last request: 0.000165 seconds.
  path: Assets/Kitchen_Cooking_FX/FBX/Materials/Tap_Water_Particle_Mesh_mtl.mat
  artifactKey: Guid(2929c5f71791d62489a1044965645dd0) Importer(2089858483,0ecaa5967403d082aa24f35e1b516d23)
Start importing Assets/Kitchen_Cooking_FX/FBX/Materials/Tap_Water_Particle_Mesh_mtl.mat using Guid(2929c5f71791d62489a1044965645dd0) Importer(2089858483,0ecaa5967403d082aa24f35e1b516d23) [PhysX] Initialized MultithreadedTaskDispatcher with 32 workers.
 -> (artifact id: '93b1322b99118f8f0b4a08abeb7bddd2') in 0.006725 seconds
Number of updated asset objects reloaded before import = 0
Number of asset objects unloaded after import = 1
========================================================================
Received Import Request.
  Time since last request: 0.000150 seconds.
  path: Assets/Kitchen Collection 2/Models/Materials/metallic.mat
  artifactKey: Guid(41b587a85952d124080469c6653f31db) Importer(2089858483,0ecaa5967403d082aa24f35e1b516d23)
Start importing Assets/Kitchen Collection 2/Models/Materials/metallic.mat using Guid(41b587a85952d124080469c6653f31db) Importer(2089858483,0ecaa5967403d082aa24f35e1b516d23) [PhysX] Initialized MultithreadedTaskDispatcher with 32 workers.
 -> (artifact id: '7fe73bae8daba401d506a8cfa455f348') in 0.006341 seconds
Number of updated asset objects reloaded before import = 0
Number of asset objects unloaded after import = 2
========================================================================
Received Import Request.
  Time since last request: 0.000019 seconds.
  path: Assets/TextMesh Pro/Examples & Extras/Scenes/08 - Improved Text Alignment.unity
  artifactKey: Guid(5fe2257128d9401fad0790f581dc8a6f) Importer(2089858483,0ecaa5967403d082aa24f35e1b516d23)
Start importing Assets/TextMesh Pro/Examples & Extras/Scenes/08 - Improved Text Alignment.unity using Guid(5fe2257128d9401fad0790f581dc8a6f) Importer(2089858483,0ecaa5967403d082aa24f35e1b516d23) [PhysX] Initialized MultithreadedTaskDispatcher with 32 workers.
 -> (artifact id: 'ae8a4faee62484d2f5acf087ad8eeabe') in 0.006039 seconds
Number of updated asset objects reloaded before import = 0
Number of asset objects unloaded after import = 1
========================================================================
Received Import Request.
  Time since last request: 0.000020 seconds.
  path: Assets/QuickOutline/Samples/Materials/Plane.mat
  artifactKey: Guid(f58cf65ea995c4b45be95713bdea8134) Importer(2089858483,0ecaa5967403d082aa24f35e1b516d23)
Start importing Assets/QuickOutline/Samples/Materials/Plane.mat using Guid(f58cf65ea995c4b45be95713bdea8134) Importer(2089858483,0ecaa5967403d082aa24f35e1b516d23) [PhysX] Initialized MultithreadedTaskDispatcher with 32 workers.
 -> (artifact id: 'bda63fdd15c77be9f858c71e331ac35f') in 0.006601 seconds
Number of updated asset objects reloaded before import = 0
Number of asset objects unloaded after import = 1
========================================================================
Received Import Request.
  Time since last request: 0.000073 seconds.
  path: Assets/Kitchen Collection 2/Models/Materials/Tiles 2.mat
  artifactKey: Guid(b5b48e9107ffdb74d907b5a299aaf38c) Importer(2089858483,0ecaa5967403d082aa24f35e1b516d23)
Start importing Assets/Kitchen Collection 2/Models/Materials/Tiles 2.mat using Guid(b5b48e9107ffdb74d907b5a299aaf38c) Importer(2089858483,0ecaa5967403d082aa24f35e1b516d23) [PhysX] Initialized MultithreadedTaskDispatcher with 32 workers.
 -> (artifact id: '098c7f15c10c3100466cf806801dd96a') in 0.011548 seconds
Number of updated asset objects reloaded before import = 0
Number of asset objects unloaded after import = 3
========================================================================
Received Import Request.
  Time since last request: 0.000025 seconds.
  path: Assets/TextMesh Pro/Examples & Extras/Fonts/Anton.ttf
  artifactKey: Guid(997a43b767814dd0a7642ec9b78cba41) Importer(2089858483,0ecaa5967403d082aa24f35e1b516d23)
Start importing Assets/TextMesh Pro/Examples & Extras/Fonts/Anton.ttf using Guid(997a43b767814dd0a7642ec9b78cba41) Importer(2089858483,0ecaa5967403d082aa24f35e1b516d23) [PhysX] Initialized MultithreadedTaskDispatcher with 32 workers.
 -> (artifact id: '93947cfca242eae7db0b7a6449d005ed') in 0.012181 seconds
Number of updated asset objects reloaded before import = 0
Number of asset objects unloaded after import = 3
========================================================================
Received Import Request.
  Time since last request: 0.000026 seconds.
  path: Assets/Kitchen Collection 2/Models/Materials/straw.mat
  artifactKey: Guid(700e2deb73d4d6a49a9d0d4a1cf70982) Importer(2089858483,0ecaa5967403d082aa24f35e1b516d23)
Start importing Assets/Kitchen Collection 2/Models/Materials/straw.mat using Guid(700e2deb73d4d6a49a9d0d4a1cf70982) Importer(2089858483,0ecaa5967403d082aa24f35e1b516d23) [PhysX] Initialized MultithreadedTaskDispatcher with 32 workers.
 -> (artifact id: '502609cf3bd2c20292d4dd6f1aad7f83') in 0.007433 seconds
Number of updated asset objects reloaded before import = 0
Number of asset objects unloaded after import = 2
========================================================================
Received Import Request.
  Time since last request: 0.000034 seconds.
  path: Assets/Kitchen Collection 2/Models/Materials/wood 2.mat
  artifactKey: Guid(ef031d42fe5c40f44b52352a4665fbc6) Importer(2089858483,0ecaa5967403d082aa24f35e1b516d23)
Start importing Assets/Kitchen Collection 2/Models/Materials/wood 2.mat using Guid(ef031d42fe5c40f44b52352a4665fbc6) Importer(2089858483,0ecaa5967403d082aa24f35e1b516d23) [PhysX] Initialized MultithreadedTaskDispatcher with 32 workers.
 -> (artifact id: 'cebe860d188771d6d191ae26c18fec8a') in 0.012852 seconds
Number of updated asset objects reloaded before import = 0
Number of asset objects unloaded after import = 3
========================================================================
Received Import Request.
  Time since last request: 0.000019 seconds.
  path: Assets/TextMesh Pro/Examples & Extras/Prefabs/Text Popup.prefab
  artifactKey: Guid(b06f0e6c1dfa4356ac918da1bb32c603) Importer(2089858483,0ecaa5967403d082aa24f35e1b516d23)
Start importing Assets/TextMesh Pro/Examples & Extras/Prefabs/Text Popup.prefab using Guid(b06f0e6c1dfa4356ac918da1bb32c603) Importer(2089858483,0ecaa5967403d082aa24f35e1b516d23) [PhysX] Initialized MultithreadedTaskDispatcher with 32 workers.
 -> (artifact id: '224c1ca3a4da8ae729d448ecf81dc7cd') in 0.034995 seconds
Number of updated asset objects reloaded before import = 0
Number of asset objects unloaded after import = 21
========================================================================
Received Import Request.
  Time since last request: 0.000023 seconds.
  path: Assets/TextMesh Pro/Examples & Extras/Scenes/04 - Word Wrapping.unity
  artifactKey: Guid(8f7137eacd7042d5b17ef0efe5e744f5) Importer(2089858483,0ecaa5967403d082aa24f35e1b516d23)
Start importing Assets/TextMesh Pro/Examples & Extras/Scenes/04 - Word Wrapping.unity using Guid(8f7137eacd7042d5b17ef0efe5e744f5) Importer(2089858483,0ecaa5967403d082aa24f35e1b516d23) [PhysX] Initialized MultithreadedTaskDispatcher with 32 workers.
 -> (artifact id: '006514f5fdd61a46b4ec6abc3a44c2ff') in 0.005978 seconds
Number of updated asset objects reloaded before import = 0
Number of asset objects unloaded after import = 1
========================================================================
Received Import Request.
  Time since last request: 0.000074 seconds.
  path: Assets/TaskSystem/Picture/Materials/corn.mat
  artifactKey: Guid(97315190f514db94fb63056b0633b461) Importer(2089858483,0ecaa5967403d082aa24f35e1b516d23)
Start importing Assets/TaskSystem/Picture/Materials/corn.mat using Guid(97315190f514db94fb63056b0633b461) Importer(2089858483,0ecaa5967403d082aa24f35e1b516d23) [PhysX] Initialized MultithreadedTaskDispatcher with 32 workers.
 -> (artifact id: '8a2953c99c95a7e9f800bc5fe2a4ff64') in 0.010075 seconds
Number of updated asset objects reloaded before import = 0
Number of asset objects unloaded after import = 2
========================================================================
Received Import Request.
  Time since last request: 0.000022 seconds.
  path: Assets/TaskSystem/Picture/Materials/pot.mat
  artifactKey: Guid(0831b9873e2240c40a0f0c16eb13ed5d) Importer(2089858483,0ecaa5967403d082aa24f35e1b516d23)
Start importing Assets/TaskSystem/Picture/Materials/pot.mat using Guid(0831b9873e2240c40a0f0c16eb13ed5d) Importer(2089858483,0ecaa5967403d082aa24f35e1b516d23) [PhysX] Initialized MultithreadedTaskDispatcher with 32 workers.
 -> (artifact id: 'fc6908eae60bcef9d524a49886625a1a') in 0.008256 seconds
Number of updated asset objects reloaded before import = 0
Number of asset objects unloaded after import = 2
========================================================================
Received Import Request.
  Time since last request: 0.000088 seconds.
  path: Assets/Kitchen Collection 2/Models/Materials/metallic utensils.mat
  artifactKey: Guid(751ef79b5a720f343a985473c9ff62cd) Importer(2089858483,0ecaa5967403d082aa24f35e1b516d23)
Start importing Assets/Kitchen Collection 2/Models/Materials/metallic utensils.mat using Guid(751ef79b5a720f343a985473c9ff62cd) Importer(2089858483,0ecaa5967403d082aa24f35e1b516d23) [PhysX] Initialized MultithreadedTaskDispatcher with 32 workers.
 -> (artifact id: 'e74ddc7b77e3486d95ab6ad066a07fd4') in 0.004234 seconds
Number of updated asset objects reloaded before import = 0
Number of asset objects unloaded after import = 1
========================================================================
Received Import Request.
  Time since last request: 0.000100 seconds.
  path: Assets/Kitchen_Cooking_FX/FBX/Materials/Sink_Water_Particles_mtl.mat
  artifactKey: Guid(b5385dd72367f3c40991b1be39300929) Importer(2089858483,0ecaa5967403d082aa24f35e1b516d23)
Start importing Assets/Kitchen_Cooking_FX/FBX/Materials/Sink_Water_Particles_mtl.mat using Guid(b5385dd72367f3c40991b1be39300929) Importer(2089858483,0ecaa5967403d082aa24f35e1b516d23) [PhysX] Initialized MultithreadedTaskDispatcher with 32 workers.
 -> (artifact id: '13d5e2a7f3ef22c415133d81654d47af') in 0.018715 seconds
Number of updated asset objects reloaded before import = 0
Number of asset objects unloaded after import = 2
========================================================================
Received Import Request.
  Time since last request: 0.000020 seconds.
  path: Assets/Kitchen_Cooking_FX/FBX/Materials/Induction_Hob_Glow_mtl.mat
  artifactKey: Guid(63f4493f9eae45148b4b71bd06e70d00) Importer(2089858483,0ecaa5967403d082aa24f35e1b516d23)
Start importing Assets/Kitchen_Cooking_FX/FBX/Materials/Induction_Hob_Glow_mtl.mat using Guid(63f4493f9eae45148b4b71bd06e70d00) Importer(2089858483,0ecaa5967403d082aa24f35e1b516d23) [PhysX] Initialized MultithreadedTaskDispatcher with 32 workers.
 -> (artifact id: 'f1ee3950e44d04f9a482cad8e2fc9545') in 0.009118 seconds
Number of updated asset objects reloaded before import = 0
Number of asset objects unloaded after import = 2
========================================================================
Received Import Request.
  Time since last request: 0.000021 seconds.
  path: Assets/Kitchen_Cooking_FX/FBX/Materials/Liquid_Bubbles_mtl.mat
  artifactKey: Guid(b586861539eb97e428724a61df596f13) Importer(2089858483,0ecaa5967403d082aa24f35e1b516d23)
Start importing Assets/Kitchen_Cooking_FX/FBX/Materials/Liquid_Bubbles_mtl.mat using Guid(b586861539eb97e428724a61df596f13) Importer(2089858483,0ecaa5967403d082aa24f35e1b516d23) [PhysX] Initialized MultithreadedTaskDispatcher with 32 workers.
 -> (artifact id: '71e09ad44b1d284df1aa7a96767a8564') in 0.017024 seconds
Number of updated asset objects reloaded before import = 0
Number of asset objects unloaded after import = 2
========================================================================
Received Import Request.
  Time since last request: 0.000023 seconds.
  path: Assets/Kitchen Collection 2/Models/Materials/vase 2.mat
  artifactKey: Guid(d918d757c3370e84e9109a0ab88922fe) Importer(2089858483,0ecaa5967403d082aa24f35e1b516d23)
Start importing Assets/Kitchen Collection 2/Models/Materials/vase 2.mat using Guid(d918d757c3370e84e9109a0ab88922fe) Importer(2089858483,0ecaa5967403d082aa24f35e1b516d23) [PhysX] Initialized MultithreadedTaskDispatcher with 32 workers.
 -> (artifact id: 'f6e1f00b781e2006532e60eaf89200ed') in 0.009575 seconds
Number of updated asset objects reloaded before import = 0
Number of asset objects unloaded after import = 2
========================================================================
Received Import Request.
  Time since last request: 0.000116 seconds.
  path: Assets/Kitchen Collection 2/Models/Materials/red plastic.mat
  artifactKey: Guid(9bfdff7e9342d7e4b9d9ec5a9057dcf8) Importer(2089858483,0ecaa5967403d082aa24f35e1b516d23)
Start importing Assets/Kitchen Collection 2/Models/Materials/red plastic.mat using Guid(9bfdff7e9342d7e4b9d9ec5a9057dcf8) Importer(2089858483,0ecaa5967403d082aa24f35e1b516d23) [PhysX] Initialized MultithreadedTaskDispatcher with 32 workers.
 -> (artifact id: '9d11a817f544286542e9f456f9ab6f27') in 0.012629 seconds
Number of updated asset objects reloaded before import = 0
Number of asset objects unloaded after import = 2
========================================================================
Received Import Request.
  Time since last request: 0.000028 seconds.
  path: Assets/TextMesh Pro/Examples & Extras/Scenes/02 - Multi-line TextMesh Pro.unity
  artifactKey: Guid(251716609f634449bfe8ce75c0ed78fe) Importer(2089858483,0ecaa5967403d082aa24f35e1b516d23)
Start importing Assets/TextMesh Pro/Examples & Extras/Scenes/02 - Multi-line TextMesh Pro.unity using Guid(251716609f634449bfe8ce75c0ed78fe) Importer(2089858483,0ecaa5967403d082aa24f35e1b516d23) [PhysX] Initialized MultithreadedTaskDispatcher with 32 workers.
 -> (artifact id: '9e8482bcdeb0365680ac78606655fab4') in 0.006958 seconds
Number of updated asset objects reloaded before import = 0
Number of asset objects unloaded after import = 1
========================================================================
Received Import Request.
  Time since last request: 0.000271 seconds.
  path: Assets/Kitchen_Cooking_FX/FBX/Materials/Saucepan_Handles_mtl.mat
  artifactKey: Guid(f286a5d4e485c7b4d861dccc3b8988b7) Importer(2089858483,0ecaa5967403d082aa24f35e1b516d23)
Start importing Assets/Kitchen_Cooking_FX/FBX/Materials/Saucepan_Handles_mtl.mat using Guid(f286a5d4e485c7b4d861dccc3b8988b7) Importer(2089858483,0ecaa5967403d082aa24f35e1b516d23) [PhysX] Initialized MultithreadedTaskDispatcher with 32 workers.
 -> (artifact id: 'edba7fa9e070d9466d9042d89589dd93') in 0.029036 seconds
Number of updated asset objects reloaded before import = 0
Number of asset objects unloaded after import = 1
========================================================================
Received Import Request.
  Time since last request: 0.000220 seconds.
  path: Assets/Kitchen_Cooking_FX/FBX/Materials/Saucepan_Pot_mtl.mat
  artifactKey: Guid(d1ae32b1bfe266a4abd779f988b42192) Importer(2089858483,0ecaa5967403d082aa24f35e1b516d23)
Start importing Assets/Kitchen_Cooking_FX/FBX/Materials/Saucepan_Pot_mtl.mat using Guid(d1ae32b1bfe266a4abd779f988b42192) Importer(2089858483,0ecaa5967403d082aa24f35e1b516d23) [PhysX] Initialized MultithreadedTaskDispatcher with 32 workers.
 -> (artifact id: 'f11ed83e2b8f099c59dd436bca55e5a4') in 0.011689 seconds
Number of updated asset objects reloaded before import = 0
Number of asset objects unloaded after import = 1
========================================================================
Received Import Request.
  Time since last request: 0.000327 seconds.
  path: Assets/TextMesh Pro/Examples & Extras/Fonts/Bangers - OFL.txt
  artifactKey: Guid(efe0bf4ac872451e91612d1ae593f480) Importer(2089858483,0ecaa5967403d082aa24f35e1b516d23)
Start importing Assets/TextMesh Pro/Examples & Extras/Fonts/Bangers - OFL.txt using Guid(efe0bf4ac872451e91612d1ae593f480) Importer(2089858483,0ecaa5967403d082aa24f35e1b516d23) [PhysX] Initialized MultithreadedTaskDispatcher with 32 workers.
 -> (artifact id: 'cb30190462fb069bb41cf5f773034081') in 0.005395 seconds
Number of updated asset objects reloaded before import = 0
Number of asset objects unloaded after import = 1
========================================================================
Received Import Request.
  Time since last request: 0.000029 seconds.
  path: Assets/Kitchen Collection 2/Models/Materials/pictures.mat
  artifactKey: Guid(2f5b34654384be74685065111c2d0453) Importer(2089858483,0ecaa5967403d082aa24f35e1b516d23)
Start importing Assets/Kitchen Collection 2/Models/Materials/pictures.mat using Guid(2f5b34654384be74685065111c2d0453) Importer(2089858483,0ecaa5967403d082aa24f35e1b516d23) [PhysX] Initialized MultithreadedTaskDispatcher with 32 workers.
 -> (artifact id: 'c9f8ff2fcfd01d42a99536f531cdca97') in 0.006735 seconds
Number of updated asset objects reloaded before import = 0
Number of asset objects unloaded after import = 2
========================================================================
Received Import Request.
  Time since last request: 0.000017 seconds.
  path: Assets/Kitchen Collection 2/Models/Materials/Apple.mat
  artifactKey: Guid(e58c100fc62289f46adaf6dd9000ae3c) Importer(2089858483,0ecaa5967403d082aa24f35e1b516d23)
Start importing Assets/Kitchen Collection 2/Models/Materials/Apple.mat using Guid(e58c100fc62289f46adaf6dd9000ae3c) Importer(2089858483,0ecaa5967403d082aa24f35e1b516d23) [PhysX] Initialized MultithreadedTaskDispatcher with 32 workers.
 -> (artifact id: '182ba378ce76a9a9819fb29d679dc1d2') in 0.007038 seconds
Number of updated asset objects reloaded before import = 0
Number of asset objects unloaded after import = 2
========================================================================
Received Import Request.
  Time since last request: 0.000033 seconds.
  path: Assets/Kitchen Collection 2/Models/Materials/wood 3.mat
  artifactKey: Guid(2a257210c05f6a741b5f85a52562f851) Importer(2089858483,0ecaa5967403d082aa24f35e1b516d23)
Start importing Assets/Kitchen Collection 2/Models/Materials/wood 3.mat using Guid(2a257210c05f6a741b5f85a52562f851) Importer(2089858483,0ecaa5967403d082aa24f35e1b516d23) [PhysX] Initialized MultithreadedTaskDispatcher with 32 workers.
 -> (artifact id: '785bd3054ba6b922746651d033c15a14') in 0.009288 seconds
Number of updated asset objects reloaded before import = 0
Number of asset objects unloaded after import = 2
========================================================================
Received Import Request.
  Time since last request: 0.000097 seconds.
  path: Assets/Kitchen Collection 2/Models/Materials/wood 4.mat
  artifactKey: Guid(886ce1f2ca242d54bb80196930adad7f) Importer(2089858483,0ecaa5967403d082aa24f35e1b516d23)
Start importing Assets/Kitchen Collection 2/Models/Materials/wood 4.mat using Guid(886ce1f2ca242d54bb80196930adad7f) Importer(2089858483,0ecaa5967403d082aa24f35e1b516d23) [PhysX] Initialized MultithreadedTaskDispatcher with 32 workers.
 -> (artifact id: 'dcda2efede4b25ec96da0071a5396c16') in 0.010051 seconds
Number of updated asset objects reloaded before import = 0
Number of asset objects unloaded after import = 2
========================================================================
Received Import Request.
  Time since last request: 0.000164 seconds.
  path: Assets/Kitchen Collection 2/Models/Materials/dishes.mat
  artifactKey: Guid(f2b4c44cdcef5fe478a78f2cf79c8665) Importer(2089858483,0ecaa5967403d082aa24f35e1b516d23)
Start importing Assets/Kitchen Collection 2/Models/Materials/dishes.mat using Guid(f2b4c44cdcef5fe478a78f2cf79c8665) Importer(2089858483,0ecaa5967403d082aa24f35e1b516d23) [PhysX] Initialized MultithreadedTaskDispatcher with 32 workers.
 -> (artifact id: 'd7bd7346a20853195fd650689231fc87') in 0.010511 seconds
Number of updated asset objects reloaded before import = 0
Number of asset objects unloaded after import = 2
========================================================================
Received Import Request.
  Time since last request: 0.000021 seconds.
  path: Assets/Kitchen Collection 2/Models/Materials/land.mat
  artifactKey: Guid(b9271684ded5dae48b6e601ae6e0c798) Importer(2089858483,0ecaa5967403d082aa24f35e1b516d23)
Start importing Assets/Kitchen Collection 2/Models/Materials/land.mat using Guid(b9271684ded5dae48b6e601ae6e0c798) Importer(2089858483,0ecaa5967403d082aa24f35e1b516d23) [PhysX] Initialized MultithreadedTaskDispatcher with 32 workers.
 -> (artifact id: '9da1cf8af6b7e1e8da79d9042d93836e') in 0.008098 seconds
Number of updated asset objects reloaded before import = 0
Number of asset objects unloaded after import = 3
========================================================================
Received Import Request.
  Time since last request: 0.000025 seconds.
  path: Assets/fbx/fbx/textures/T_Zucchini_AO.png
  artifactKey: Guid(9ec85d28fb032d14eb59c254f2978d95) Importer(2089858483,0ecaa5967403d082aa24f35e1b516d23)
Start importing Assets/fbx/fbx/textures/T_Zucchini_AO.png using Guid(9ec85d28fb032d14eb59c254f2978d95) Importer(2089858483,0ecaa5967403d082aa24f35e1b516d23) [PhysX] Initialized MultithreadedTaskDispatcher with 32 workers.
 -> (artifact id: '4d6e7ea40dc9c1cfa5f712fa8cae5b1a') in 0.014786 seconds
Number of updated asset objects reloaded before import = 0
Number of asset objects unloaded after import = 1
========================================================================
Received Import Request.
  Time since last request: 0.000278 seconds.
  path: Assets/Kitchen Collection 2/Models/Materials/tomato.mat
  artifactKey: Guid(f18ad8825f70e9a4587b19a6ba1318c3) Importer(2089858483,0ecaa5967403d082aa24f35e1b516d23)
Start importing Assets/Kitchen Collection 2/Models/Materials/tomato.mat using Guid(f18ad8825f70e9a4587b19a6ba1318c3) Importer(2089858483,0ecaa5967403d082aa24f35e1b516d23) [PhysX] Initialized MultithreadedTaskDispatcher with 32 workers.
 -> (artifact id: 'd9354d6307db9d7d763177417ef9cea7') in 0.007772 seconds
Number of updated asset objects reloaded before import = 0
Number of asset objects unloaded after import = 2
========================================================================
Received Import Request.
  Time since last request: 0.000066 seconds.
  path: Assets/Kitchen Collection 2/Models/Materials/Tiles.mat
  artifactKey: Guid(97a338608881d7a4aac8d6811262ae87) Importer(2089858483,0ecaa5967403d082aa24f35e1b516d23)
Start importing Assets/Kitchen Collection 2/Models/Materials/Tiles.mat using Guid(97a338608881d7a4aac8d6811262ae87) Importer(2089858483,0ecaa5967403d082aa24f35e1b516d23) [PhysX] Initialized MultithreadedTaskDispatcher with 32 workers.
 -> (artifact id: '871cb41a716e6e8fd1313d2a87fe27eb') in 0.010197 seconds
Number of updated asset objects reloaded before import = 0
Number of asset objects unloaded after import = 3
========================================================================
Received Import Request.
  Time since last request: 0.000077 seconds.
  path: Assets/Kitchen Collection 2/Models/Materials/bin metallic.mat
  artifactKey: Guid(947d0e85eb012cd449c8535bb16b3800) Importer(2089858483,0ecaa5967403d082aa24f35e1b516d23)
Start importing Assets/Kitchen Collection 2/Models/Materials/bin metallic.mat using Guid(947d0e85eb012cd449c8535bb16b3800) Importer(2089858483,0ecaa5967403d082aa24f35e1b516d23) [PhysX] Initialized MultithreadedTaskDispatcher with 32 workers.
 -> (artifact id: '51c06bb45cf82f2f92efa706371e40dc') in 0.006284 seconds
Number of updated asset objects reloaded before import = 0
Number of asset objects unloaded after import = 1
========================================================================
Received Import Request.
  Time since last request: 0.000019 seconds.
  path: Assets/TextMesh Pro/Examples & Extras/Scenes/05 - Style Tags.unity
  artifactKey: Guid(70615243e2be4a81afaab9bf5d273d65) Importer(2089858483,0ecaa5967403d082aa24f35e1b516d23)
Start importing Assets/TextMesh Pro/Examples & Extras/Scenes/05 - Style Tags.unity using Guid(70615243e2be4a81afaab9bf5d273d65) Importer(2089858483,0ecaa5967403d082aa24f35e1b516d23) [PhysX] Initialized MultithreadedTaskDispatcher with 32 workers.
 -> (artifact id: 'e899f60fcf5990cb9c21b766768cc148') in 0.003785 seconds
Number of updated asset objects reloaded before import = 0
Number of asset objects unloaded after import = 1
========================================================================
Received Import Request.
  Time since last request: 0.000021 seconds.
  path: Assets/Kitchen_Cooking_FX/FBX/Materials/Saucepan_Liquid_mtl.mat
  artifactKey: Guid(198a65220ac9ecc4a879987ea681c727) Importer(2089858483,0ecaa5967403d082aa24f35e1b516d23)
Start importing Assets/Kitchen_Cooking_FX/FBX/Materials/Saucepan_Liquid_mtl.mat using Guid(198a65220ac9ecc4a879987ea681c727) Importer(2089858483,0ecaa5967403d082aa24f35e1b516d23) [PhysX] Initialized MultithreadedTaskDispatcher with 32 workers.
 -> (artifact id: 'e7c916c30d9c6fb9c06ebe392e341569') in 0.053397 seconds
Number of updated asset objects reloaded before import = 0
Number of asset objects unloaded after import = 2
========================================================================
Received Import Request.
  Time since last request: 0.000036 seconds.
  path: Assets/TextMesh Pro/Examples & Extras/Scenes/Benchmark (Floating Text).unity
  artifactKey: Guid(16177da2e3254cee91944756d5f8ddd3) Importer(2089858483,0ecaa5967403d082aa24f35e1b516d23)
Start importing Assets/TextMesh Pro/Examples & Extras/Scenes/Benchmark (Floating Text).unity using Guid(16177da2e3254cee91944756d5f8ddd3) Importer(2089858483,0ecaa5967403d082aa24f35e1b516d23) [PhysX] Initialized MultithreadedTaskDispatcher with 32 workers.
 -> (artifact id: 'cf4f5c2eb3a09afce7b382f823e02f65') in 0.004348 seconds
Number of updated asset objects reloaded before import = 0
Number of asset objects unloaded after import = 1
========================================================================
Received Import Request.
  Time since last request: 0.000024 seconds.
  path: Assets/TextMesh Pro/Examples & Extras/Textures/Text Overflow - Linked Text Image 1.png
  artifactKey: Guid(4ccf43d26c4748c792174516f4a8fcef) Importer(2089858483,0ecaa5967403d082aa24f35e1b516d23)
Start importing Assets/TextMesh Pro/Examples & Extras/Textures/Text Overflow - Linked Text Image 1.png using Guid(4ccf43d26c4748c792174516f4a8fcef) Importer(2089858483,0ecaa5967403d082aa24f35e1b516d23) [PhysX] Initialized MultithreadedTaskDispatcher with 32 workers.
 -> (artifact id: '87008ad88fd3f45759c5a2eeb7bc8a98') in 0.013920 seconds
Number of updated asset objects reloaded before import = 0
Number of asset objects unloaded after import = 1
========================================================================
Received Import Request.
  Time since last request: 0.000018 seconds.
  path: Assets/TextMesh Pro/Examples & Extras/Scripts/TMP_ExampleScript_01.cs
  artifactKey: Guid(6f2c5b59b6874405865e2616e4ec276a) Importer(2089858483,0ecaa5967403d082aa24f35e1b516d23)
Start importing Assets/TextMesh Pro/Examples & Extras/Scripts/TMP_ExampleScript_01.cs using Guid(6f2c5b59b6874405865e2616e4ec276a) Importer(2089858483,0ecaa5967403d082aa24f35e1b516d23) [PhysX] Initialized MultithreadedTaskDispatcher with 32 workers.
 -> (artifact id: 'd8fbef848529107da00d81b756f07ef3') in 0.004308 seconds
Number of updated asset objects reloaded before import = 0
Number of asset objects unloaded after import = 1
========================================================================
Received Import Request.
  Time since last request: 0.000085 seconds.
  path: Assets/TextMesh Pro/Examples & Extras/Scripts/TMP_TextEventCheck.cs
  artifactKey: Guid(d736ce056cf444ca96e424f4d9c42b76) Importer(2089858483,0ecaa5967403d082aa24f35e1b516d23)
Start importing Assets/TextMesh Pro/Examples & Extras/Scripts/TMP_TextEventCheck.cs using Guid(d736ce056cf444ca96e424f4d9c42b76) Importer(2089858483,0ecaa5967403d082aa24f35e1b516d23) [PhysX] Initialized MultithreadedTaskDispatcher with 32 workers.
 -> (artifact id: '9bb39f704ff2dd201da9b15406199056') in 0.005030 seconds
Number of updated asset objects reloaded before import = 0
Number of asset objects unloaded after import = 1
========================================================================
Received Import Request.
  Time since last request: 0.000040 seconds.
  path: Assets/TextMesh Pro/Examples & Extras/Scenes/22 - Basic Scripting Example.unity
  artifactKey: Guid(6250f98e58fe4abbaada5d84b7ca846d) Importer(2089858483,0ecaa5967403d082aa24f35e1b516d23)
Start importing Assets/TextMesh Pro/Examples & Extras/Scenes/22 - Basic Scripting Example.unity using Guid(6250f98e58fe4abbaada5d84b7ca846d) Importer(2089858483,0ecaa5967403d082aa24f35e1b516d23) [PhysX] Initialized MultithreadedTaskDispatcher with 32 workers.
 -> (artifact id: '4d67f21f743bf96ad30ee2eef87359f0') in 0.003937 seconds
Number of updated asset objects reloaded before import = 0
Number of asset objects unloaded after import = 1
========================================================================
Received Import Request.
  Time since last request: 0.001650 seconds.
  path: Assets/TextMesh Pro/Examples & Extras/Scripts/Benchmark01.cs
  artifactKey: Guid(f970ea55f9f84bf79b05dab180b8c125) Importer(2089858483,0ecaa5967403d082aa24f35e1b516d23)
Start importing Assets/TextMesh Pro/Examples & Extras/Scripts/Benchmark01.cs using Guid(f970ea55f9f84bf79b05dab180b8c125) Importer(2089858483,0ecaa5967403d082aa24f35e1b516d23) [PhysX] Initialized MultithreadedTaskDispatcher with 32 workers.
 -> (artifact id: '21d94af87afb70896dcbd806d05070d9') in 0.006325 seconds
Number of updated asset objects reloaded before import = 0
Number of asset objects unloaded after import = 1
========================================================================
Received Import Request.
  Time since last request: 0.000038 seconds.
  path: Assets/TextMesh Pro/Examples & Extras/Scripts/Benchmark02.cs
  artifactKey: Guid(e8538afcddc14efbb5d9e94b7ae50197) Importer(2089858483,0ecaa5967403d082aa24f35e1b516d23)
Start importing Assets/TextMesh Pro/Examples & Extras/Scripts/Benchmark02.cs using Guid(e8538afcddc14efbb5d9e94b7ae50197) Importer(2089858483,0ecaa5967403d082aa24f35e1b516d23) [PhysX] Initialized MultithreadedTaskDispatcher with 32 workers.
 -> (artifact id: '24bcf79c9217a018a489b7bcd3d9171b') in 0.005685 seconds
Number of updated asset objects reloaded before import = 0
Number of asset objects unloaded after import = 1
========================================================================
Received Import Request.
  Time since last request: 0.000085 seconds.
  path: Assets/TextMesh Pro/Examples & Extras/Scripts/CameraController.cs
  artifactKey: Guid(2d687537154440a3913a9a3c7977978c) Importer(2089858483,0ecaa5967403d082aa24f35e1b516d23)
Start importing Assets/TextMesh Pro/Examples & Extras/Scripts/CameraController.cs using Guid(2d687537154440a3913a9a3c7977978c) Importer(2089858483,0ecaa5967403d082aa24f35e1b516d23) [PhysX] Initialized MultithreadedTaskDispatcher with 32 workers.
 -> (artifact id: '578a00dc7aa41cc22f37a63380323669') in 0.007158 seconds
Number of updated asset objects reloaded before import = 0
Number of asset objects unloaded after import = 1
========================================================================
Received Import Request.
  Time since last request: 0.000024 seconds.
  path: Assets/TextMesh Pro/Examples & Extras/Scripts/WarpTextExample.cs
  artifactKey: Guid(790744c462254b7ba8038e6ed28b3db2) Importer(2089858483,0ecaa5967403d082aa24f35e1b516d23)
Start importing Assets/TextMesh Pro/Examples & Extras/Scripts/WarpTextExample.cs using Guid(790744c462254b7ba8038e6ed28b3db2) Importer(2089858483,0ecaa5967403d082aa24f35e1b516d23) [PhysX] Initialized MultithreadedTaskDispatcher with 32 workers.
 -> (artifact id: '98f0ab45cf0d9f9ddbcfe8c77ef50536') in 0.007514 seconds
Number of updated asset objects reloaded before import = 0
Number of asset objects unloaded after import = 1
========================================================================
Received Import Request.
  Time since last request: 0.000022 seconds.
  path: Assets/TextMesh Pro/Examples & Extras/Scenes/23 - Animating Vertex Attributes.unity
  artifactKey: Guid(54e994244b4b467e8583cf2da6dcc716) Importer(2089858483,0ecaa5967403d082aa24f35e1b516d23)
Start importing Assets/TextMesh Pro/Examples & Extras/Scenes/23 - Animating Vertex Attributes.unity using Guid(54e994244b4b467e8583cf2da6dcc716) Importer(2089858483,0ecaa5967403d082aa24f35e1b516d23) [PhysX] Initialized MultithreadedTaskDispatcher with 32 workers.
 -> (artifact id: '21f44eac20769ef5c817b03af60c0f3a') in 0.003431 seconds
Number of updated asset objects reloaded before import = 0
Number of asset objects unloaded after import = 1
========================================================================
Received Import Request.
  Time since last request: 0.000080 seconds.
  path: Assets/TextMesh Pro/Examples & Extras/Scenes/24 - Surface Shader Example.unity
  artifactKey: Guid(8c4969fd8ba94a68b07cf11f3e7a5137) Importer(2089858483,0ecaa5967403d082aa24f35e1b516d23)
Start importing Assets/TextMesh Pro/Examples & Extras/Scenes/24 - Surface Shader Example.unity using Guid(8c4969fd8ba94a68b07cf11f3e7a5137) Importer(2089858483,0ecaa5967403d082aa24f35e1b516d23) [PhysX] Initialized MultithreadedTaskDispatcher with 32 workers.
 -> (artifact id: '1aaaa4a28a2e9ad8b1f1aed564ad9757') in 0.005430 seconds
Number of updated asset objects reloaded before import = 0
Number of asset objects unloaded after import = 1
========================================================================
Received Import Request.
  Time since last request: 0.000087 seconds.
  path: Assets/TextMesh Pro/Examples & Extras/Textures/Wipe Pattern - Radial Quad.psd
  artifactKey: Guid(2b5e9ae96c5644d8bae932f8b4ca68a2) Importer(2089858483,0ecaa5967403d082aa24f35e1b516d23)
Start importing Assets/TextMesh Pro/Examples & Extras/Textures/Wipe Pattern - Radial Quad.psd using Guid(2b5e9ae96c5644d8bae932f8b4ca68a2) Importer(2089858483,0ecaa5967403d082aa24f35e1b516d23) [PhysX] Initialized MultithreadedTaskDispatcher with 32 workers.
 -> (artifact id: '05c1ad61c3ee928e30e5a294edc65f16') in 0.011414 seconds
Number of updated asset objects reloaded before import = 0
Number of asset objects unloaded after import = 1
========================================================================
Received Import Request.
  Time since last request: 0.000018 seconds.
  path: Assets/TextMesh Pro/Examples & Extras/Scripts/TMPro_InstructionOverlay.cs
  artifactKey: Guid(c3c1afeda5e545e0b19add5373896d2e) Importer(2089858483,0ecaa5967403d082aa24f35e1b516d23)
Start importing Assets/TextMesh Pro/Examples & Extras/Scripts/TMPro_InstructionOverlay.cs using Guid(c3c1afeda5e545e0b19add5373896d2e) Importer(2089858483,0ecaa5967403d082aa24f35e1b516d23) [PhysX] Initialized MultithreadedTaskDispatcher with 32 workers.
 -> (artifact id: 'd9a420763428697caf2fe22b614dcf8d') in 0.004224 seconds
Number of updated asset objects reloaded before import = 0
Number of asset objects unloaded after import = 1
========================================================================
Received Import Request.
  Time since last request: 0.000094 seconds.
  path: Assets/TextMesh Pro/Examples & Extras/Textures/Mask Zig-n-Zag.psd
  artifactKey: Guid(bb8dfcd263ad4eb383a33d74a720be6f) Importer(2089858483,0ecaa5967403d082aa24f35e1b516d23)
Start importing Assets/TextMesh Pro/Examples & Extras/Textures/Mask Zig-n-Zag.psd using Guid(bb8dfcd263ad4eb383a33d74a720be6f) Importer(2089858483,0ecaa5967403d082aa24f35e1b516d23) [PhysX] Initialized MultithreadedTaskDispatcher with 32 workers.
 -> (artifact id: '6ae24a944a8bfd4e579f729ae947f152') in 0.008731 seconds
Number of updated asset objects reloaded before import = 0
Number of asset objects unloaded after import = 1
========================================================================
Received Import Request.
  Time since last request: 0.000019 seconds.
  path: Assets/TextMesh Pro/Examples & Extras/Textures/Wipe Pattern - Radial Double.psd
  artifactKey: Guid(7631f4eff8f74ed38eb3eb9db17134e1) Importer(2089858483,0ecaa5967403d082aa24f35e1b516d23)
Start importing Assets/TextMesh Pro/Examples & Extras/Textures/Wipe Pattern - Radial Double.psd using Guid(7631f4eff8f74ed38eb3eb9db17134e1) Importer(2089858483,0ecaa5967403d082aa24f35e1b516d23) [PhysX] Initialized MultithreadedTaskDispatcher with 32 workers.
 -> (artifact id: 'fb4882691c1f4f365b84445b30c2bba0') in 0.009692 seconds
Number of updated asset objects reloaded before import = 0
Number of asset objects unloaded after import = 1
========================================================================
Received Import Request.
  Time since last request: 0.000026 seconds.
  path: Assets/TextMesh Pro/Examples & Extras/Textures/Sunny Days - Seamless.jpg
  artifactKey: Guid(17c350171f7a3ca479f830547c66d187) Importer(2089858483,0ecaa5967403d082aa24f35e1b516d23)
Start importing Assets/TextMesh Pro/Examples & Extras/Textures/Sunny Days - Seamless.jpg using Guid(17c350171f7a3ca479f830547c66d187) Importer(2089858483,0ecaa5967403d082aa24f35e1b516d23) [PhysX] Initialized MultithreadedTaskDispatcher with 32 workers.
 -> (artifact id: '2cd2a88979b95fee1409f6e6d6417b07') in 0.010240 seconds
Number of updated asset objects reloaded before import = 0
Number of asset objects unloaded after import = 1
========================================================================
Received Import Request.
  Time since last request: 0.000017 seconds.
  path: Assets/TextMesh Pro/Examples & Extras/Scripts/ChatController.cs
  artifactKey: Guid(53d91f98a2664f5cb9af11de72ac54ec) Importer(2089858483,0ecaa5967403d082aa24f35e1b516d23)
Start importing Assets/TextMesh Pro/Examples & Extras/Scripts/ChatController.cs using Guid(53d91f98a2664f5cb9af11de72ac54ec) Importer(2089858483,0ecaa5967403d082aa24f35e1b516d23) [PhysX] Initialized MultithreadedTaskDispatcher with 32 workers.
 -> (artifact id: '8e3a526333ede3f8e315dcb03bb9dafc') in 0.003552 seconds
Number of updated asset objects reloaded before import = 0
Number of asset objects unloaded after import = 1
========================================================================
Received Import Request.
  Time since last request: 0.000203 seconds.
  path: Assets/TextMesh Pro/Examples & Extras/Scenes/19 - Masking Texture & Soft Mask.unity
  artifactKey: Guid(9abcd5bd764646568a6ea70d00f9264c) Importer(2089858483,0ecaa5967403d082aa24f35e1b516d23)
Start importing Assets/TextMesh Pro/Examples & Extras/Scenes/19 - Masking Texture & Soft Mask.unity using Guid(9abcd5bd764646568a6ea70d00f9264c) Importer(2089858483,0ecaa5967403d082aa24f35e1b516d23) [PhysX] Initialized MultithreadedTaskDispatcher with 32 workers.
 -> (artifact id: '9feb01432aa7f6079aa4593638d6225a') in 0.003846 seconds
Number of updated asset objects reloaded before import = 0
Number of asset objects unloaded after import = 1
========================================================================
Received Import Request.
  Time since last request: 0.000100 seconds.
  path: Assets/TextMesh Pro/Examples & Extras/Textures/Gradient Horizontal (Color).jpg
  artifactKey: Guid(6eb184de103d4b3f812b38561065192f) Importer(2089858483,0ecaa5967403d082aa24f35e1b516d23)
Start importing Assets/TextMesh Pro/Examples & Extras/Textures/Gradient Horizontal (Color).jpg using Guid(6eb184de103d4b3f812b38561065192f) Importer(2089858483,0ecaa5967403d082aa24f35e1b516d23) [PhysX] Initialized MultithreadedTaskDispatcher with 32 workers.
 -> (artifact id: '9cdb1699f2526bb0dd86fe4aaddd6b79') in 0.015054 seconds
Number of updated asset objects reloaded before import = 0
Number of asset objects unloaded after import = 1
========================================================================
Received Import Request.
  Time since last request: 0.000022 seconds.
  path: Assets/TextMesh Pro/Examples & Extras/Scripts/VertexZoom.cs
  artifactKey: Guid(52ec835d14bd486f900952b77698b7eb) Importer(2089858483,0ecaa5967403d082aa24f35e1b516d23)
Start importing Assets/TextMesh Pro/Examples & Extras/Scripts/VertexZoom.cs using Guid(52ec835d14bd486f900952b77698b7eb) Importer(2089858483,0ecaa5967403d082aa24f35e1b516d23) [PhysX] Initialized MultithreadedTaskDispatcher with 32 workers.
 -> (artifact id: '00f0b5b7b96a7cd18eb293e2c9966000') in 0.007177 seconds
Number of updated asset objects reloaded before import = 0
Number of asset objects unloaded after import = 1
========================================================================
Received Import Request.
  Time since last request: 0.000026 seconds.
  path: Assets/TextMesh Pro/Examples & Extras/Scripts/TextConsoleSimulator.cs
  artifactKey: Guid(43bcd35a1c0c40ccb6d472893fe2093f) Importer(2089858483,0ecaa5967403d082aa24f35e1b516d23)
Start importing Assets/TextMesh Pro/Examples & Extras/Scripts/TextConsoleSimulator.cs using Guid(43bcd35a1c0c40ccb6d472893fe2093f) Importer(2089858483,0ecaa5967403d082aa24f35e1b516d23) [PhysX] Initialized MultithreadedTaskDispatcher with 32 workers.
 -> (artifact id: '11ad6fb3d8a60bcc0c0fc14a54633796') in 0.005379 seconds
Number of updated asset objects reloaded before import = 0
Number of asset objects unloaded after import = 1
========================================================================
Received Import Request.
  Time since last request: 0.000073 seconds.
  path: Assets/TextMesh Pro/Examples & Extras/Scenes/12a - Text Interactions.unity
  artifactKey: Guid(08572ab7713642c8a60789750f0bce5c) Importer(2089858483,0ecaa5967403d082aa24f35e1b516d23)
Start importing Assets/TextMesh Pro/Examples & Extras/Scenes/12a - Text Interactions.unity using Guid(08572ab7713642c8a60789750f0bce5c) Importer(2089858483,0ecaa5967403d082aa24f35e1b516d23) [PhysX] Initialized MultithreadedTaskDispatcher with 32 workers.
 -> (artifact id: 'eddc8bfd40385a0f3c6718817b769feb') in 0.003809 seconds
Number of updated asset objects reloaded before import = 0
Number of asset objects unloaded after import = 1
========================================================================
Received Import Request.
  Time since last request: 0.000079 seconds.
  path: Assets/TextMesh Pro/Examples & Extras/Scripts/TMP_DigitValidator.cs
  artifactKey: Guid(1a7eb92a01ed499a987bde9def05fbce) Importer(2089858483,0ecaa5967403d082aa24f35e1b516d23)
Start importing Assets/TextMesh Pro/Examples & Extras/Scripts/TMP_DigitValidator.cs using Guid(1a7eb92a01ed499a987bde9def05fbce) Importer(2089858483,0ecaa5967403d082aa24f35e1b516d23) [PhysX] Initialized MultithreadedTaskDispatcher with 32 workers.
 -> (artifact id: 'b03c447f2ff0abeba25a61acc3f18063') in 0.005613 seconds
Number of updated asset objects reloaded before import = 0
Number of asset objects unloaded after import = 1
========================================================================
Received Import Request.
  Time since last request: 0.000101 seconds.
  path: Assets/TextMesh Pro/Examples & Extras/Textures/Small Crate_normal.jpg
  artifactKey: Guid(8878a782f4334ecbbcf683b3ac780966) Importer(2089858483,0ecaa5967403d082aa24f35e1b516d23)
Start importing Assets/TextMesh Pro/Examples & Extras/Textures/Small Crate_normal.jpg using Guid(8878a782f4334ecbbcf683b3ac780966) Importer(2089858483,0ecaa5967403d082aa24f35e1b516d23) [PhysX] Initialized MultithreadedTaskDispatcher with 32 workers.
 -> (artifact id: '171ce3c958aa7436af4752d3cd36815c') in 0.012234 seconds
Number of updated asset objects reloaded before import = 0
Number of asset objects unloaded after import = 1
========================================================================
Received Import Request.
  Time since last request: 0.000445 seconds.
  path: Assets/TextMesh Pro/Examples & Extras/Scripts/Benchmark04.cs
  artifactKey: Guid(dc20866c0d5e413ab7559440e15333ae) Importer(2089858483,0ecaa5967403d082aa24f35e1b516d23)
Start importing Assets/TextMesh Pro/Examples & Extras/Scripts/Benchmark04.cs using Guid(dc20866c0d5e413ab7559440e15333ae) Importer(2089858483,0ecaa5967403d082aa24f35e1b516d23) [PhysX] Initialized MultithreadedTaskDispatcher with 32 workers.
 -> (artifact id: '1f7f8ede58f0be304bc3c64fd7866c03') in 0.004771 seconds
Number of updated asset objects reloaded before import = 0
Number of asset objects unloaded after import = 1
========================================================================
Received Import Request.
  Time since last request: 0.000196 seconds.
  path: Assets/TextMesh Pro/Examples & Extras/Scenes/12 - Link Example.unity
  artifactKey: Guid(9747140c28254be2adc582210dfb89b8) Importer(2089858483,0ecaa5967403d082aa24f35e1b516d23)
Start importing Assets/TextMesh Pro/Examples & Extras/Scenes/12 - Link Example.unity using Guid(9747140c28254be2adc582210dfb89b8) Importer(2089858483,0ecaa5967403d082aa24f35e1b516d23) [PhysX] Initialized MultithreadedTaskDispatcher with 32 workers.
 -> (artifact id: '96c54edb03a5f31188741da53b9c41e8') in 0.004909 seconds
Number of updated asset objects reloaded before import = 0
Number of asset objects unloaded after import = 1
========================================================================
Received Import Request.
  Time since last request: 0.000076 seconds.
  path: Assets/TextMesh Pro/Examples & Extras/Scripts/TeleType.cs
  artifactKey: Guid(e32c266ee6204b21a427753cb0694c81) Importer(2089858483,0ecaa5967403d082aa24f35e1b516d23)
Start importing Assets/TextMesh Pro/Examples & Extras/Scripts/TeleType.cs using Guid(e32c266ee6204b21a427753cb0694c81) Importer(2089858483,0ecaa5967403d082aa24f35e1b516d23) [PhysX] Initialized MultithreadedTaskDispatcher with 32 workers.
 -> (artifact id: '26789d3ad8398d6f786ba8f1cad0e33c') in 0.005867 seconds
Number of updated asset objects reloaded before import = 0
Number of asset objects unloaded after import = 1
========================================================================
Received Import Request.
  Time since last request: 0.000019 seconds.
  path: Assets/TextMesh Pro/Examples & Extras/Scripts/TMP_TextSelector_B.cs
  artifactKey: Guid(a05dcd8be7ec4ccbb35c26219884aa37) Importer(2089858483,0ecaa5967403d082aa24f35e1b516d23)
Start importing Assets/TextMesh Pro/Examples & Extras/Scripts/TMP_TextSelector_B.cs using Guid(a05dcd8be7ec4ccbb35c26219884aa37) Importer(2089858483,0ecaa5967403d082aa24f35e1b516d23) [PhysX] Initialized MultithreadedTaskDispatcher with 32 workers.
 -> (artifact id: '2e8a4ce1cb6877f385844b926363b7a9') in 0.009545 seconds
Number of updated asset objects reloaded before import = 0
Number of asset objects unloaded after import = 1
========================================================================
Received Import Request.
  Time since last request: 0.000785 seconds.
  path: Assets/TextMesh Pro/Examples & Extras/Textures/Wipe Pattern - Circle.psd
  artifactKey: Guid(10c49fcd9c64421db7c0133e61e55f97) Importer(2089858483,0ecaa5967403d082aa24f35e1b516d23)
Start importing Assets/TextMesh Pro/Examples & Extras/Textures/Wipe Pattern - Circle.psd using Guid(10c49fcd9c64421db7c0133e61e55f97) Importer(2089858483,0ecaa5967403d082aa24f35e1b516d23) [PhysX] Initialized MultithreadedTaskDispatcher with 32 workers.
 -> (artifact id: '0f1aab5be302e32f1a9cc3cc256d28fb') in 0.009550 seconds
Number of updated asset objects reloaded before import = 0
Number of asset objects unloaded after import = 1
========================================================================
Received Import Request.
  Time since last request: 0.000506 seconds.
  path: Assets/TextMesh Pro/Examples & Extras/Scripts/TextMeshProFloatingText.cs
  artifactKey: Guid(a4d4c76e63944cba8c7d00f56334b98c) Importer(2089858483,0ecaa5967403d082aa24f35e1b516d23)
Start importing Assets/TextMesh Pro/Examples & Extras/Scripts/TextMeshProFloatingText.cs using Guid(a4d4c76e63944cba8c7d00f56334b98c) Importer(2089858483,0ecaa5967403d082aa24f35e1b516d23) [PhysX] Initialized MultithreadedTaskDispatcher with 32 workers.
 -> (artifact id: 'ecd053eec99404db2fae2993acdf311d') in 0.006626 seconds
Number of updated asset objects reloaded before import = 0
Number of asset objects unloaded after import = 1
========================================================================
Received Import Request.
  Time since last request: 0.000111 seconds.
  path: Assets/TextMesh Pro/Examples & Extras/Sprites/Default Sprites.png
  artifactKey: Guid(a0fc465d6cf04254a2938578735e2383) Importer(2089858483,0ecaa5967403d082aa24f35e1b516d23)
Start importing Assets/TextMesh Pro/Examples & Extras/Sprites/Default Sprites.png using Guid(a0fc465d6cf04254a2938578735e2383) Importer(2089858483,0ecaa5967403d082aa24f35e1b516d23) [PhysX] Initialized MultithreadedTaskDispatcher with 32 workers.
 -> (artifact id: '717c17c2bacfcfb0cf6993f0640a4f99') in 0.012995 seconds
Number of updated asset objects reloaded before import = 0
Number of asset objects unloaded after import = 1
========================================================================
Received Import Request.
  Time since last request: 0.000169 seconds.
  path: Assets/TextMesh Pro/Examples & Extras/Scripts/TMP_FrameRateCounter.cs
  artifactKey: Guid(686ec78b56aa445795335fbadafcfaa4) Importer(2089858483,0ecaa5967403d082aa24f35e1b516d23)
Start importing Assets/TextMesh Pro/Examples & Extras/Scripts/TMP_FrameRateCounter.cs using Guid(686ec78b56aa445795335fbadafcfaa4) Importer(2089858483,0ecaa5967403d082aa24f35e1b516d23) [PhysX] Initialized MultithreadedTaskDispatcher with 32 workers.
 -> (artifact id: '68e189a0f9c06f35fce375fbbd56b6d5') in 0.005603 seconds
Number of updated asset objects reloaded before import = 0
Number of asset objects unloaded after import = 1
========================================================================
Received Import Request.
  Time since last request: 0.000348 seconds.
  path: Assets/TextMesh Pro/Examples & Extras/Resources/Color Gradient Presets/Light to Dark Green - Vertical.asset
  artifactKey: Guid(5cf8ae092ca54931b443bec5148f3c59) Importer(2089858483,0ecaa5967403d082aa24f35e1b516d23)
Start importing Assets/TextMesh Pro/Examples & Extras/Resources/Color Gradient Presets/Light to Dark Green - Vertical.asset using Guid(5cf8ae092ca54931b443bec5148f3c59) Importer(2089858483,0ecaa5967403d082aa24f35e1b516d23) [PhysX] Initialized MultithreadedTaskDispatcher with 32 workers.
 -> (artifact id: 'e707bf4578ef878670ae240171da375c') in 0.006124 seconds
Number of updated asset objects reloaded before import = 0
Number of asset objects unloaded after import = 1
========================================================================
Received Import Request.
  Time since last request: 0.000578 seconds.
  path: Assets/TextMesh Pro/Resources/Style Sheets/Default Style Sheet.asset
  artifactKey: Guid(f952c082cb03451daed3ee968ac6c63e) Importer(2089858483,0ecaa5967403d082aa24f35e1b516d23)
Start importing Assets/TextMesh Pro/Resources/Style Sheets/Default Style Sheet.asset using Guid(f952c082cb03451daed3ee968ac6c63e) Importer(2089858483,0ecaa5967403d082aa24f35e1b516d23) [PhysX] Initialized MultithreadedTaskDispatcher with 32 workers.
 -> (artifact id: '5f57e99e346240697739e3e12f1d3bc9') in 0.006725 seconds
Number of updated asset objects reloaded before import = 0
Number of asset objects unloaded after import = 1
========================================================================
Received Import Request.
  Time since last request: 0.000019 seconds.
  path: Assets/TextMesh Pro/Resources/Fonts & Materials/LiberationSans SDF.asset
  artifactKey: Guid(8f586378b4e144a9851e7b34d9b748ee) Importer(2089858483,0ecaa5967403d082aa24f35e1b516d23)
Start importing Assets/TextMesh Pro/Resources/Fonts & Materials/LiberationSans SDF.asset using Guid(8f586378b4e144a9851e7b34d9b748ee) Importer(2089858483,0ecaa5967403d082aa24f35e1b516d23) [PhysX] Initialized MultithreadedTaskDispatcher with 32 workers.
 -> (artifact id: '9d2a96169f840c7563fe9b959288221a') in 0.030032 seconds
Number of updated asset objects reloaded before import = 0
Number of asset objects unloaded after import = 8
========================================================================
Received Import Request.
  Time since last request: 0.000022 seconds.
  path: Assets/TextMesh Pro/Examples & Extras/Textures/Gradient Diagonal (Color).jpg
  artifactKey: Guid(2ce5c55e85304b819a1826ecbc839aa5) Importer(2089858483,0ecaa5967403d082aa24f35e1b516d23)
Start importing Assets/TextMesh Pro/Examples & Extras/Textures/Gradient Diagonal (Color).jpg using Guid(2ce5c55e85304b819a1826ecbc839aa5) Importer(2089858483,0ecaa5967403d082aa24f35e1b516d23) [PhysX] Initialized MultithreadedTaskDispatcher with 32 workers.
 -> (artifact id: '5c293d2ac7410c530973c7789b546fb4') in 0.011606 seconds
Number of updated asset objects reloaded before import = 0
Number of asset objects unloaded after import = 1
========================================================================
Received Import Request.
  Time since last request: 0.000015 seconds.
  path: Assets/fbx/fbx/textures/T_Zucchini_N.png
  artifactKey: Guid(b3fc8bbf822d62748a8ba6fd40424086) Importer(2089858483,0ecaa5967403d082aa24f35e1b516d23)
Start importing Assets/fbx/fbx/textures/T_Zucchini_N.png using Guid(b3fc8bbf822d62748a8ba6fd40424086) Importer(2089858483,0ecaa5967403d082aa24f35e1b516d23) [PhysX] Initialized MultithreadedTaskDispatcher with 32 workers.
 -> (artifact id: '475fbfc511c271e06085dc5c7ceff822') in 0.011887 seconds
Number of updated asset objects reloaded before import = 0
Number of asset objects unloaded after import = 1
========================================================================
Received Import Request.
  Time since last request: 0.000099 seconds.
  path: Assets/TextMesh Pro/Examples & Extras/Scenes/14 - Multi Font & Sprites.unity
  artifactKey: Guid(22a2fba786ad4c40ac0ba09f0b933100) Importer(2089858483,0ecaa5967403d082aa24f35e1b516d23)
Start importing Assets/TextMesh Pro/Examples & Extras/Scenes/14 - Multi Font & Sprites.unity using Guid(22a2fba786ad4c40ac0ba09f0b933100) Importer(2089858483,0ecaa5967403d082aa24f35e1b516d23) [PhysX] Initialized MultithreadedTaskDispatcher with 32 workers.
 -> (artifact id: '3999655092f38fe86a6b94162100adf6') in 0.004715 seconds
Number of updated asset objects reloaded before import = 0
Number of asset objects unloaded after import = 1
========================================================================
Received Import Request.
  Time since last request: 0.000497 seconds.
  path: Assets/TextMesh Pro/Examples & Extras/Scenes/26 - Dropdown Placeholder Example.unity
  artifactKey: Guid(0851605490a599b46b6ac5cb681d93ea) Importer(2089858483,0ecaa5967403d082aa24f35e1b516d23)
Start importing Assets/TextMesh Pro/Examples & Extras/Scenes/26 - Dropdown Placeholder Example.unity using Guid(0851605490a599b46b6ac5cb681d93ea) Importer(2089858483,0ecaa5967403d082aa24f35e1b516d23) [PhysX] Initialized MultithreadedTaskDispatcher with 32 workers.
 -> (artifact id: '4934eda541243a5325fc8160415ce138') in 0.004846 seconds
Number of updated asset objects reloaded before import = 0
Number of asset objects unloaded after import = 1
========================================================================
Received Import Request.
  Time since last request: 0.000141 seconds.
  path: Assets/Kitchen Collection 2/Models/Materials/wood 5.mat
  artifactKey: Guid(e10a4f28a68225741ab4f45890faa24b) Importer(2089858483,0ecaa5967403d082aa24f35e1b516d23)
Start importing Assets/Kitchen Collection 2/Models/Materials/wood 5.mat using Guid(e10a4f28a68225741ab4f45890faa24b) Importer(2089858483,0ecaa5967403d082aa24f35e1b516d23) [PhysX] Initialized MultithreadedTaskDispatcher with 32 workers.
 -> (artifact id: '2b892a37d0ec241673e95ae7543cd058') in 0.011452 seconds
Number of updated asset objects reloaded before import = 0
Number of asset objects unloaded after import = 3
========================================================================
Received Import Request.
  Time since last request: 0.000022 seconds.
  path: Assets/TextMesh Pro/Examples & Extras/Scenes/01-  Single Line TextMesh Pro.unity
  artifactKey: Guid(2ac8cf212df6445e8aebbe3cb832e993) Importer(2089858483,0ecaa5967403d082aa24f35e1b516d23)
Start importing Assets/TextMesh Pro/Examples & Extras/Scenes/01-  Single Line TextMesh Pro.unity using Guid(2ac8cf212df6445e8aebbe3cb832e993) Importer(2089858483,0ecaa5967403d082aa24f35e1b516d23) [PhysX] Initialized MultithreadedTaskDispatcher with 32 workers.
 -> (artifact id: '562307a0ad8ae908e1dd234305d836bc') in 0.005528 seconds
Number of updated asset objects reloaded before import = 0
Number of asset objects unloaded after import = 1
========================================================================
Received Import Request.
  Time since last request: 0.000190 seconds.
  path: Assets/Kitchen Collection 2/Models/Materials/Material #19541.mat
  artifactKey: Guid(4697adf0427e3de4d982d6ca9af63b79) Importer(2089858483,0ecaa5967403d082aa24f35e1b516d23)
Start importing Assets/Kitchen Collection 2/Models/Materials/Material #19541.mat using Guid(4697adf0427e3de4d982d6ca9af63b79) Importer(2089858483,0ecaa5967403d082aa24f35e1b516d23) [PhysX] Initialized MultithreadedTaskDispatcher with 32 workers.
 -> (artifact id: 'baa61484709ee789512d89e626237e05') in 0.007720 seconds
Number of updated asset objects reloaded before import = 0
Number of asset objects unloaded after import = 1
========================================================================
Received Import Request.
  Time since last request: 0.000541 seconds.
  path: Assets/Kitchen Collection 2/Models/Materials/fabric 1.mat
  artifactKey: Guid(a4972e9c0df71724dae864855fc7c590) Importer(2089858483,0ecaa5967403d082aa24f35e1b516d23)
Start importing Assets/Kitchen Collection 2/Models/Materials/fabric 1.mat using Guid(a4972e9c0df71724dae864855fc7c590) Importer(2089858483,0ecaa5967403d082aa24f35e1b516d23) [PhysX] Initialized MultithreadedTaskDispatcher with 32 workers.
 -> (artifact id: '6ff483a7fcf5908a9ece741793c67004') in 0.012106 seconds
Number of updated asset objects reloaded before import = 0
Number of asset objects unloaded after import = 3
========================================================================
Received Import Request.
  Time since last request: 0.000027 seconds.
  path: Assets/TextMesh Pro/Examples & Extras/Fonts/Oswald-Bold - OFL.txt
  artifactKey: Guid(d2cf87a8a7a94aa8b80dff1c807c1178) Importer(2089858483,0ecaa5967403d082aa24f35e1b516d23)
Start importing Assets/TextMesh Pro/Examples & Extras/Fonts/Oswald-Bold - OFL.txt using Guid(d2cf87a8a7a94aa8b80dff1c807c1178) Importer(2089858483,0ecaa5967403d082aa24f35e1b516d23) [PhysX] Initialized MultithreadedTaskDispatcher with 32 workers.
 -> (artifact id: '838a66ace1f56310a866df3a82a9dee3') in 0.006621 seconds
Number of updated asset objects reloaded before import = 0
Number of asset objects unloaded after import = 1
========================================================================
Received Import Request.
  Time since last request: 0.000040 seconds.
  path: Assets/Kitchen Collection 2/Models/Materials/glass roses.mat
  artifactKey: Guid(95fa3d99ac5b8f64d8a2939db8979b7f) Importer(2089858483,0ecaa5967403d082aa24f35e1b516d23)
Start importing Assets/Kitchen Collection 2/Models/Materials/glass roses.mat using Guid(95fa3d99ac5b8f64d8a2939db8979b7f) Importer(2089858483,0ecaa5967403d082aa24f35e1b516d23) [PhysX] Initialized MultithreadedTaskDispatcher with 32 workers.
 -> (artifact id: 'd6fd03f1968a9a077743eec54566ac94') in 0.005163 seconds
Number of updated asset objects reloaded before import = 0
Number of asset objects unloaded after import = 1
========================================================================
Received Import Request.
  Time since last request: 0.000018 seconds.
  path: Assets/TextMesh Pro/Examples & Extras/Scripts/VertexColorCycler.cs
  artifactKey: Guid(91b8ba3d52e041fab2d0e0f169855539) Importer(2089858483,0ecaa5967403d082aa24f35e1b516d23)
Start importing Assets/TextMesh Pro/Examples & Extras/Scripts/VertexColorCycler.cs using Guid(91b8ba3d52e041fab2d0e0f169855539) Importer(2089858483,0ecaa5967403d082aa24f35e1b516d23) [PhysX] Initialized MultithreadedTaskDispatcher with 32 workers.
 -> (artifact id: '4e30b97befee13f9b4de9f9e22716d37') in 0.008478 seconds
Number of updated asset objects reloaded before import = 0
Number of asset objects unloaded after import = 1
========================================================================
Received Import Request.
  Time since last request: 0.000090 seconds.
  path: Assets/fbx/fbx/textures/T_Asparagus_N.png
  artifactKey: Guid(92307354fdc49bc4cb29f5ff710d2ecf) Importer(2089858483,0ecaa5967403d082aa24f35e1b516d23)
Start importing Assets/fbx/fbx/textures/T_Asparagus_N.png using Guid(92307354fdc49bc4cb29f5ff710d2ecf) Importer(2089858483,0ecaa5967403d082aa24f35e1b516d23) [PhysX] Initialized MultithreadedTaskDispatcher with 32 workers.
 -> (artifact id: '9816397ef185d1fa7bd157af8ed77d99') in 0.017398 seconds
Number of updated asset objects reloaded before import = 0
Number of asset objects unloaded after import = 1
========================================================================
Received Import Request.
  Time since last request: 0.048545 seconds.
  path: Assets/TextMesh Pro/Examples & Extras/Resources/Fonts & Materials/Anton SDF - Sunny Days.mat
  artifactKey: Guid(6522f30e342599e4e9dd4cc2cc03c830) Importer(2089858483,0ecaa5967403d082aa24f35e1b516d23)
Start importing Assets/TextMesh Pro/Examples & Extras/Resources/Fonts & Materials/Anton SDF - Sunny Days.mat using Guid(6522f30e342599e4e9dd4cc2cc03c830) Importer(2089858483,0ecaa5967403d082aa24f35e1b516d23) [PhysX] Initialized MultithreadedTaskDispatcher with 32 workers.
 -> (artifact id: '23e31232b3b82c8b6dc16661999bd394') in 0.013608 seconds
Number of updated asset objects reloaded before import = 0
Number of asset objects unloaded after import = 4
========================================================================
Received Import Request.
  Time since last request: 0.000074 seconds.
  path: Assets/TextMesh Pro/Examples & Extras/Resources/Fonts & Materials/Bangers SDF Logo.mat
  artifactKey: Guid(f4e195ac1e204eff960149d1cb34e18c) Importer(2089858483,0ecaa5967403d082aa24f35e1b516d23)
Start importing Assets/TextMesh Pro/Examples & Extras/Resources/Fonts & Materials/Bangers SDF Logo.mat using Guid(f4e195ac1e204eff960149d1cb34e18c) Importer(2089858483,0ecaa5967403d082aa24f35e1b516d23) [PhysX] Initialized MultithreadedTaskDispatcher with 32 workers.
 -> (artifact id: 'f2d8c8c81327d36db6b43650f80fb35e') in 0.010405 seconds
Number of updated asset objects reloaded before import = 0
Number of asset objects unloaded after import = 4
========================================================================
Received Import Request.
  Time since last request: 0.000020 seconds.
  path: Assets/TextMesh Pro/Examples & Extras/Resources/Sprite Assets/Default Sprite Asset.asset
  artifactKey: Guid(fbef3c704dce48f08a44612d6c856c8d) Importer(2089858483,0ecaa5967403d082aa24f35e1b516d23)
Start importing Assets/TextMesh Pro/Examples & Extras/Resources/Sprite Assets/Default Sprite Asset.asset using Guid(fbef3c704dce48f08a44612d6c856c8d) Importer(2089858483,0ecaa5967403d082aa24f35e1b516d23) [PhysX] Initialized MultithreadedTaskDispatcher with 32 workers.
 -> (artifact id: '56a2d734cb36012e60b691038fd75206') in 0.010725 seconds
Number of updated asset objects reloaded before import = 0
Number of asset objects unloaded after import = 3
========================================================================
Received Import Request.
  Time since last request: 0.000026 seconds.
  path: Assets/TextMesh Pro/Examples & Extras/Resources/Fonts & Materials/Roboto-Bold SDF - Surface.mat
  artifactKey: Guid(e6b276ec991f467aa14ef1f3cc665993) Importer(2089858483,0ecaa5967403d082aa24f35e1b516d23)
Start importing Assets/TextMesh Pro/Examples & Extras/Resources/Fonts & Materials/Roboto-Bold SDF - Surface.mat using Guid(e6b276ec991f467aa14ef1f3cc665993) Importer(2089858483,0ecaa5967403d082aa24f35e1b516d23) [PhysX] Initialized MultithreadedTaskDispatcher with 32 workers.
 -> (artifact id: '7b2942b9da1968f2e6779f84a1ed09d4') in 0.008577 seconds
Number of updated asset objects reloaded before import = 0
Number of asset objects unloaded after import = 2
========================================================================
Received Import Request.
  Time since last request: 0.000023 seconds.
  path: Assets/TextMesh Pro/Examples & Extras/Resources/Fonts & Materials/Bangers SDF.asset
  artifactKey: Guid(125cb55b44b24c4393181402bc6200e6) Importer(2089858483,0ecaa5967403d082aa24f35e1b516d23)
Start importing Assets/TextMesh Pro/Examples & Extras/Resources/Fonts & Materials/Bangers SDF.asset using Guid(125cb55b44b24c4393181402bc6200e6) Importer(2089858483,0ecaa5967403d082aa24f35e1b516d23) [PhysX] Initialized MultithreadedTaskDispatcher with 32 workers.
 -> (artifact id: 'a17f149ff26e7f2f0ff606b15178c04e') in 0.017025 seconds
Number of updated asset objects reloaded before import = 0
Number of asset objects unloaded after import = 5
========================================================================
Received Import Request.
  Time since last request: 0.000144 seconds.
  path: Assets/TextMesh Pro/Examples & Extras/Resources/Fonts & Materials/Roboto-Bold SDF.asset
  artifactKey: Guid(5302535af1044152a457ed104f1f4b91) Importer(2089858483,0ecaa5967403d082aa24f35e1b516d23)
Start importing Assets/TextMesh Pro/Examples & Extras/Resources/Fonts & Materials/Roboto-Bold SDF.asset using Guid(5302535af1044152a457ed104f1f4b91) Importer(2089858483,0ecaa5967403d082aa24f35e1b516d23) [PhysX] Initialized MultithreadedTaskDispatcher with 32 workers.
 -> (artifact id: '31b08c3137ffa2d2a8c014025b56538f') in 0.016145 seconds
Number of updated asset objects reloaded before import = 0
Number of asset objects unloaded after import = 5
========================================================================
Received Import Request.
  Time since last request: 0.000025 seconds.
  path: Assets/TextMesh Pro/Examples & Extras/Resources/Fonts & Materials/Bangers SDF - Drop Shadow.mat
  artifactKey: Guid(f2dcf029949142e28b974630369c8b4e) Importer(2089858483,0ecaa5967403d082aa24f35e1b516d23)
Start importing Assets/TextMesh Pro/Examples & Extras/Resources/Fonts & Materials/Bangers SDF - Drop Shadow.mat using Guid(f2dcf029949142e28b974630369c8b4e) Importer(2089858483,0ecaa5967403d082aa24f35e1b516d23) [PhysX] Initialized MultithreadedTaskDispatcher with 32 workers.
 -> (artifact id: '4b82783ca1e57f4c1dbb539be65639ac') in 0.009430 seconds
Number of updated asset objects reloaded before import = 0
Number of asset objects unloaded after import = 2
========================================================================
Received Import Request.
  Time since last request: 0.000019 seconds.
  path: Assets/TextMesh Pro/Examples & Extras/Resources/Fonts & Materials/Electronic Highway Sign SDF.asset
  artifactKey: Guid(dc36b3fdc14f47ebb36fd484a67e268a) Importer(2089858483,0ecaa5967403d082aa24f35e1b516d23)
Start importing Assets/TextMesh Pro/Examples & Extras/Resources/Fonts & Materials/Electronic Highway Sign SDF.asset using Guid(dc36b3fdc14f47ebb36fd484a67e268a) Importer(2089858483,0ecaa5967403d082aa24f35e1b516d23) [PhysX] Initialized MultithreadedTaskDispatcher with 32 workers.
 -> (artifact id: '5a7942f781ae4432ac91a6e272e495b2') in 0.013136 seconds
Number of updated asset objects reloaded before import = 0
Number of asset objects unloaded after import = 5
========================================================================
Received Import Request.
  Time since last request: 0.000022 seconds.
  path: Assets/TextMesh Pro/Examples & Extras/Resources/Fonts & Materials/LiberationSans SDF - Overlay.mat
  artifactKey: Guid(9ad269c99dcf42b7aedefd83dd5a7b9d) Importer(2089858483,0ecaa5967403d082aa24f35e1b516d23)
Start importing Assets/TextMesh Pro/Examples & Extras/Resources/Fonts & Materials/LiberationSans SDF - Overlay.mat using Guid(9ad269c99dcf42b7aedefd83dd5a7b9d) Importer(2089858483,0ecaa5967403d082aa24f35e1b516d23) [PhysX] Initialized MultithreadedTaskDispatcher with 32 workers.
 -> (artifact id: '5ac6c5991f0fc7c70d3fcad64408f079') in 0.020017 seconds
Number of updated asset objects reloaded before import = 0
Number of asset objects unloaded after import = 2
========================================================================
Received Prepare
Caller must complete domain reload
Begin MonoManager ReloadAssembly
- Loaded All Assemblies, in  0.617 seconds
Native extension for WindowsStandalone target not found
Native extension for Android target not found
Native extension for WebGL target not found
Package Manager log level set to [2]
[Package Manager] Server::EnsureServerProcessIsRunning -- launch failed, reason: Unity was launched with the -noUpm command-line argument
[Package Manager] UpmClient::Send -- Unable to send message (not connected to UPM process).
[Package Manager] Cannot connect to Unity Package Manager local server
Mono: successfully reloaded assembly
[Package Manager] Server::EnsureServerProcessIsRunning -- launch failed, reason: Unity was launched with the -noUpm command-line argument
[Package Manager] UpmClient::Send -- Unable to send message (not connected to UPM process).
[Package Manager] Cannot connect to Unity Package Manager local server
[Package Manager] Server::EnsureServerProcessIsRunning -- launch failed, reason: Unity was launched with the -noUpm command-line argument
[Package Manager] UpmClient::Send -- Unable to send message (not connected to UPM process).
[Package Manager] Cannot connect to Unity Package Manager local server
- Finished resetting the current domain, in  1.648 seconds
Domain Reload Profiling: 2252ms
	BeginReloadAssembly (232ms)
		ExecutionOrderSort (0ms)
		DisableScriptedObjects (3ms)
		BackupInstance (0ms)
		ReleaseScriptingObjects (0ms)
		CreateAndSetChildDomain (30ms)
	RebuildCommonClasses (23ms)
	RebuildNativeTypeToScriptingClass (7ms)
	initialDomainReloadingComplete (47ms)
	LoadAllAssembliesAndSetupDomain (294ms)
		LoadAssemblies (433ms)
		RebuildTransferFunctionScriptingTraits (0ms)
		AnalyzeDomain (21ms)
			TypeCache.Refresh (10ms)
				TypeCache.ScanAssembly (3ms)
			ScanForSourceGeneratedMonoScriptInfo (6ms)
			ResolveRequiredComponents (4ms)
	FinalizeReload (1649ms)
		ReleaseScriptCaches (0ms)
		RebuildScriptCaches (0ms)
		SetupLoadedEditorAssemblies (889ms)
			LogAssemblyErrors (0ms)
			InitializePlatformSupportModulesInManaged (40ms)
			SetLoadedEditorAssemblies (3ms)
			RefreshPlugins (0ms)
			BeforeProcessingInitializeOnLoad (198ms)
			ProcessInitializeOnLoadAttributes (467ms)
			ProcessInitializeOnLoadMethodAttributes (43ms)
			AfterProcessingInitializeOnLoad (137ms)
			EditorAssembliesLoaded (0ms)
		ExecutionOrderSort2 (0ms)
		AwakeInstancesAfterBackupRestoration (24ms)
Refreshing native plugins compatible for Editor in 32.16 ms, found 3 plugins.
Preloading 0 native plugins for Editor in 0.00 ms.
Unloading 3370 Unused Serialized files (Serialized files now loaded: 0)
Unloading 16 unused Assets / (57.4 KB). Loaded Objects now: 3895.
Memory consumption went from 140.3 MB to 140.3 MB.
Total: 5.253300 ms (FindLiveObjects: 0.273200 ms CreateObjectMapping: 0.095100 ms MarkObjects: 4.787100 ms  DeleteObjects: 0.096700 ms)

Prepare: number of updated asset objects reloaded= 0
AssetImportParameters requested are different than current active one (requested -> active):
  custom:scripting/monoscript/fileName/EnumValues.cs: 90647cc400823b41df847a6cbfc29026 -> 
  custom:scripting/monoscript/fileName/CapabilityProfileSelection.cs: dff3a5e3d2e750b79733c68dda740daa -> 
  custom:scripting/monoscript/fileName/EditorAnalyticsEvent.cs: 90647cc400823b41df847a6cbfc29026 -> 
  custom:scripting/monoscript/fileName/QuaternionExtensions.cs: 86183419535e375187b30a3762578554 -> 
  custom:scripting/monoscript/fileName/BuildingBlockManager.cs: c92ab8c5df14d125f81d8a6aa11553f0 -> 
  custom:scripting/monoscript/fileName/BindableVariableAlloc.cs: 90647cc400823b41df847a6cbfc29026 -> 
  custom:scripting/monoscript/fileName/TransitionArmModel.cs: 541081f84a463fbdbaf51de62d6c8587 -> 
  custom:container-demuxer-ogg: 62fdf1f143b41e24485cea50d1cbac27 -> 
  custom:scripting/monoscript/fileName/CollectionExtensions.cs: 0c99915cc85610c8aa07a821d95f5c4d -> 
  custom:scripting/monoscript/fileName/ReadOnlyPropertyDrawer.cs: 898d09e2ae7995590612a461468d4931 -> 
  custom:scripting/monoscript/fileName/Vector3Extensions.cs: d329e0436ea3757d45ec8cae198bba47 -> 
  custom:scripting/monoscript/fileName/CapabilityDictionaryDrawer.cs: f518b6574816de2472e535eaf8315248 -> 
  custom:video-codec-MediaFoundation-h265: 746d11721c4dcdbdad8f713fa42b33f4 -> 
  custom:scripting/monoscript/fileName/ComponentUtils.cs: ecfd114d63bf0d449c41f7f6c6fbd5f2 -> 
  custom:scripting/precompiled-assembly-types:Unity.XR.Management.Editor: 875e2b70b899c8e4d1c2d41f9404c56a -> 
  custom:scripting/monoscript/fileName/EditorUtils.cs: a5caa48634245734f9c5a18079fb3381 -> 
  custom:scripting/monoscript/fileName/PoseExtensions.cs: 04e2b738e62ba02835186f5368bff217 -> 
  custom:scripting/monoscript/fileName/ReflectionUtils.cs: dbd6d11b7437dd0337764ea711e27741 -> 
  custom:scripting/monoscript/fileName/NativeArrayUtils.cs: adaf2ae3d3fb4c625dfb5150d3290bb4 -> 
  custom:scripting/monoscript/fileName/CapabilityDictionary.cs: 8fc062c0477f4d6714e20e8bad4aebcf -> 
  custom:scripting/monoscript/fileName/XRPluginManagementProjectValidation.cs: 12841b9f0a8da6fb46dd05260375325e -> 
  custom:video-decoder-ogg-theora: a1e56fd34408186e4bbccfd4996cb3dc -> 
  custom:scripting/monoscript/fileName/XRGeneralSettingsPerBuildTarget.cs: 6970e5bff368910038049eb1434facbf -> 
  custom:scripting/monoscript/fileName/BindingsGroup.cs: e83421b33155ae37d2c0a7e754ca69bc -> 
  custom:scripting/monoscript/fileName/DictionaryExtensions.cs: a009f5fc4b39ebfe6ee20607ff6eb8b8 -> 
  custom:scripting/monoscript/fileName/ScreenGUIUtils.cs: 758c8c41ef41be8a387763b06832b3c4 -> 
  custom:scripting/precompiled-assembly-types:UnityEngine.SpatialTracking: fe8bd671b41f1462276b731bbb32d826 -> 
  custom:scripting/monoscript/fileName/HashCodeUtil.cs: c0b300e342f12c77737b8543de36271c -> 
  custom:scripting/monoscript/fileName/XRLoaderInfo.cs: 86fa513bfc04d58509db292069910bf2 -> 
  custom:framework-win-MediaFoundation: 216162199b28c13a410421893ffa2e32 -> 
  custom:scripting/monoscript/fileName/SeedXRInputBindings.cs: 5b6b70752ca7062d0525af0428bab981 -> 
  custom:scripting/monoscript/fileName/IEventBinding.cs: 92363ef411ca3ab811a667b9e498049a -> 
  custom:scripting/monoscript/fileName/TransformExtensions.cs: fd126d2bad7fa2d4054ceea030fa50cf -> 
  custom:scripting/monoscript/fileName/ScriptableSettingsPathAttribute.cs: a5da988eaeb4ec8c47ec6d3f399aae82 -> 
  custom:scripting/monoscript/fileName/StringDatumPropertyDrawer.cs: d619c9ffdf67a2584c4c280b62801420 -> 
  custom:scripting/monoscript/fileName/XRSettingsManager.cs: 701988ef3c16e84d3bc781477493ab34 -> 
  custom:scripting/monoscript/fileName/ScriptableSettingsInitializer.cs: d89574041e110f94e351c59305ce1729 -> 
  custom:scripting/monoscript/fileName/LayerMaskExtensions.cs: fdb9be428c56110bf4ed66fc84f3e289 -> 
  custom:scripting/monoscript/fileName/IXRLoaderPreInit.cs: 4dbca4fbe4a89e2a18943694f414e3a9 -> 
  custom:scripting/monoscript/fileName/MonoBehaviourExtensions.cs: 27ad0f59d0e93e7f397d852162dabbef -> 
  custom:scripting/monoscript/fileName/XRGeneralBuildProcessor.cs: d52e14652f14fd6e56a66a859653fea9 -> 
  custom:scripting/monoscript/fileName/XRGeneralSettings.cs: 01e68fef49e5cbf622bb7b4ffc622d89 -> 
  custom:scripting/monoscript/fileName/FlagsPropertyDrawer.cs: 9ee20e5672fe3bf1f84b928c077dd487 -> 
  custom:scripting/monoscript/fileName/EditorPrefsUtils.cs: 3b21fcb478e01e192c765332f617d70d -> 
  custom:scripting/monoscript/fileName/XRManagerEditor.cs: 6847a9ea85cd2d801d895b625e9590ff -> 
  custom:scripting/monoscript/fileName/ScriptableSettings.cs: 90647cc400823b41df847a6cbfc29026 -> 
  custom:scripting/monoscript/fileName/StringDatum.cs: d477c3d9644054c4cdbfe58cd4210fc0 -> 
  custom:scripting/monoscript/fileName/SerializableDictionary.cs: 0cdf409b5aa8d4c25876d72b5c6a3b60 -> 
  custom:scripting/monoscript/fileName/BuildingBlockOverlay.cs: 19f997bb849a2416cd94c1cb63aa4f77 -> 
  custom:scripting/monoscript/fileName/XRBuildProcessorHelper.cs: 90647cc400823b41df847a6cbfc29026 -> 
  custom:scripting/monoscript/fileName/UnityObjectUtils.cs: 102f3fdbb4e7dadde0b1c3f60e974b6f -> 
  custom:scripting/monoscript/fileName/BindableEnum.cs: 90647cc400823b41df847a6cbfc29026 -> 
  custom:scripting/monoscript/fileName/TypeLoaderExtensions.cs: ee5d3b5e5d81c98c5d3594e8b9153df0 -> 
  custom:scripting/monoscript/fileName/HashSetExtensions.cs: fbf96efbf6aa08dd02986afafdd0cede -> 
  custom:CustomObjectIndexerAttribute: 9a22284fe3817be447336de3de66b15e -> 
  custom:scripting/monoscript/fileName/XRConfigurationProvider.cs: fa91ddd62be7b4c45bfd03890af30249 -> 
  custom:scripting/monoscript/fileName/ManifestElement.cs: c30b57498d373b7476c4d7dfdaee189c -> 
  custom:scripting/monoscript/fileName/XREditorWorkQueue.cs: 8e928039a032f154dc8a86537aaac69a -> 
  custom:scripting/precompiled-assembly-types:Unity.XR.Management: d2c73419a402f326215288c4e1611bce -> 
  custom:scripting/monoscript/fileName/StandardCapabilityKeys.cs: 2fd2f508ff2826ba59792870d9c1f91d -> 
  custom:scripting/monoscript/fileName/SwingArmModel.cs: b785e28c94fc60fc17e1daa28892b2dc -> 
  custom:scripting/monoscript/fileName/ManifestRequirement.cs: d0237042ed94ccc3267a409cde8490a6 -> 
  custom:scripting/monoscript/fileName/EnumDisplayAttribute.cs: 2af944bee2b617e7ec6b3e7a0e3fadc8 -> 
  custom:scripting/monoscript/fileName/IntDatumPropertyDrawer.cs: 0136c7e06583b34e918f9531ef849871 -> 
  custom:scripting/monoscript/fileName/ARTrackablesParentTransformChangedEventArgs.cs: ff60d9139f1c67e4ef14a932c8953dd3 -> 
  custom:container-demuxer-webm: 4f35f7cbe854078d1ac9338744f61a02 -> 
  custom:scripting/monoscript/fileName/BindableVariable.cs: 90647cc400823b41df847a6cbfc29026 -> 
  custom:scripting/monoscript/fileName/AnimationCurveDatumPropertyDrawer.cs: 3515ce5f59c8813c1b42365c62110624 -> 
  custom:scripting/monoscript/fileName/PackageNotificationUtils.cs: e493f521fc1755dec19875ae28a4f621 -> 
  custom:scripting/monoscript/fileName/SceneValidationUIUtils.cs: 22b86e6be82caa28b03f585d1da7a237 -> 
  custom:scripting/monoscript/fileName/UndoBlock.cs: bc46b6201606aca58a8d08e7a8630eb5 -> 
  custom:scripting/monoscript/fileName/XRPackageMetadataStore.cs: e06e5e9ffca9529e9db63900dd9caf32 -> 
  custom:scripting/monoscript/fileName/CameraOffsetEditor.cs: 063c409eda0f5d6811c327c4b5c05de0 -> 
  custom:scripting/monoscript/fileName/FlagsPropertyAttribute.cs: 084445b05dff6018ed26483427ba66b1 -> 
  custom:scripting/monoscript/fileName/Datum.cs: 90647cc400823b41df847a6cbfc29026 -> 
  custom:scripting/monoscript/fileName/XRLoaderInfoManager.cs: 28efaa63edac30b89ccc35ca2bf149fa -> 
  custom:scripting/monoscript/fileName/XRConfigurationData.cs: 2cf07b13d54bfee2898ed6dc38612fbb -> 
  custom:scripting/monoscript/fileName/GeometryUtils.cs: 328e21e115aab576f0c2cc1740fc8a41 -> 
  custom:scripting/monoscript/fileName/GuidUtil.cs: d1f5a09d9fee592e550b9629f93c4c63 -> 
  custom:scripting/monoscript/fileName/HashSetList.cs: 90647cc400823b41df847a6cbfc29026 -> 
  custom:scripting/monoscript/fileName/GuidExtensions.cs: 4f96c234827c9f502739689050ba31d7 -> 
  custom:scripting/monoscript/fileName/BuildingBlockUtils.cs: 685579ed12ed358773bc7d3b51ac57c3 -> 
  custom:scripting/monoscript/fileName/IntDatumProperty.cs: 51a572f09881fdb3c39d970c12b34b19 -> 
  custom:scripting/monoscript/fileName/EditorGUIUtils.cs: 701dfba7f7aa88c832d5efa6a6401b52 -> 
  custom:scripting/monoscript/fileName/TextureUtils.cs: 8f48fdf9d37d552791296f3db18d7293 -> 
  custom:scripting/monoscript/fileName/PackageVersionUtility.cs: af63ae003ffd485dedab7160509ceecf -> 99289552b3002580ed83d93f823834c0
  custom:scripting/monoscript/fileName/XRManagerSettings.cs: 39a1227fa3c478af29a735ec246b6baf -> 
  custom:scripting/monoscript/fileName/XRLegacyUninstaller.cs: b85851af39f83959c5c298effbf32139 -> 
  custom:scripting/monoscript/fileName/XRCustomLoaderUIManager.cs: 4be5a8f671a1d808dd1496961b79b86b -> 
  custom:scripting/monoscript/fileName/AnimationCurveDatumProperty.cs: c326bbe7a44f6ecb2a7d5ff8856f9cac -> 
  custom:container-muxer-webm: aa71ff27fc2769a1b78a27578f13a17b -> 
  custom:scripting/precompiled-assembly-types:UnityEditor.XR.LegacyInputHelpers: 52acfc53051faf8d3716fd452f740f78 -> 
  custom:scripting/monoscript/fileName/GameObjectUtils.cs: c2dd418db18ce47e0c417bface05337e -> 
  custom:scripting/monoscript/fileName/ObjectPool.cs: 90647cc400823b41df847a6cbfc29026 -> 
  custom:video-decoder-webm-vp8: 9c59270c3fd7afecdb556c50c9e8de78 -> 
  custom:scripting/monoscript/fileName/ArmModelEditor.cs: 002f07458c7aefa2a394e7243ccd9325 -> 
  custom:scripting/monoscript/fileName/CapabilityKeysDefinition.cs: 2bc994238684257d0f665045b3a43e06 -> 
  custom:scripting/monoscript/fileName/ScriptableSettingsBase.cs: 180fb79df8b151d76987ec95d44be466 -> 
  custom:SearchIndexIgnoredProperties: e643bd26f0fe6173181afceb89e7c659 -> 
  custom:scripting/monoscript/fileName/XRGeneralSettingsUpgrade.cs: cc8d2e81204b3fd0e662cd38ef4a2d49 -> 
  custom:AudioImporter_EditorPlatform: d09bf68614088b80899f8185d706f6e7 -> 
  custom:scripting/monoscript/fileName/ProjectValidationSettingsProvider.cs: ca0d817c6fa6ba59dd0d9d3d718f0246 -> 
  custom:scripting/monoscript/fileName/XROrigin.cs: 6b2a8b745f3d38726455a3f4abd0a820 -> 
  custom:scripting/monoscript/fileName/TypeExtensions.cs: 319864e94ea369a30c27bc06153a149f -> dcfbda865fe8349225c494951670deb0
  custom:scripting/monoscript/fileName/TrackedPoseDriverEditor.cs: 0b511e14ae4c20f3b8d8e2c82796f595 -> 
  custom:scripting/monoscript/fileName/BoundsUtils.cs: b1913ce2490a4f8dfdca5a234bf8dc5a -> 
  custom:scripting/monoscript/fileName/MathUtility.cs: 7101ed9f86b2bfdaf67ab4303cc98ede -> 
  custom:scripting/monoscript/fileName/XRCustomLoaderUI.cs: a1b6225426bb5004db8b9d7388fe5771 -> 
  custom:scripting/monoscript/fileName/BindableVariableTaskPredicate.cs: 0cdf409b5aa8d4c25876d72b5c6a3b60 -> 
  custom:scripting/monoscript/fileName/TrackedPoseDriver.cs: 7c652bf9e4ac4ec3dd58bf53ae85a810 -> 
  custom:scripting/monoscript/fileName/GameObjectExtensions.cs: 6148b56b6bc69c6c610d0bffd8a8a751 -> 
  custom:scripting/monoscript/fileName/CapabilityProfile.cs: c4213bb88259ca88e9173f72358828a5 -> 
  custom:scripting/monoscript/fileName/SerializableGuid.cs: 21f04f1b94377c8ad9d3b1908a67282d -> 
  custom:scripting/monoscript/fileName/StringExtensions.cs: 0a3ecf20ea398b07067a97ad700896f0 -> 
  custom:scripting/monoscript/fileName/XRLoaderHelper.cs: ae85c4c4a11fcc1ed3393963333e400c -> 
  custom:scripting/monoscript/fileName/XRLoader.cs: d82cec0b87bab7dffe74fb3651887ce3 -> 
  custom:scripting/monoscript/fileName/MaterialUtils.cs: d8a27b8787df350ae61a698ef53e5d49 -> 
  custom:scripting/monoscript/fileName/DebugDraw.cs: 072e031db5bbf098e79987e2ab2e6415 -> 
  custom:scripting/monoscript/fileName/BuildingBlockElements.cs: 81379e00ae2b5ce5cabbbaee7a2dcc3b -> 
  custom:scripting/monoscript/fileName/ReadOnlyAttribute.cs: d6ff3f82563bc8b5b53669110b89ef7f -> 
  custom:scripting/monoscript/fileName/XRSupportedBuildTargetAttribute.cs: f87a91ba911f6030453bea8d921b45d2 -> 
  custom:scripting/monoscript/fileName/AndroidManifestProcessor.cs: d8dd4961c18e43fcd707eb950405363a -> 
  custom:scripting/monoscript/fileName/EditorScriptableSettings.cs: 90647cc400823b41df847a6cbfc29026 -> 
  custom:scripting/monoscript/fileName/BuildingBlocksUsageEvent.cs: aa0caa3b2cf92bd9fd4fb50854e801fa -> 
  custom:scripting/monoscript/fileName/DatumProperty.cs: 90647cc400823b41df847a6cbfc29026 -> 
  custom:scripting/monoscript/fileName/CoreUtilsEditorAnalyticsEvent.cs: 90647cc400823b41df847a6cbfc29026 -> 
  custom:scripting/precompiled-assembly-types:UnityEditor.SpatialTracking: dd1905b8a8246178a3248fba44980e0b -> 
  custom:scripting/monoscript/fileName/BoundsExtensions.cs: 611b649e5b76c72f256c1fa17cb65915 -> 
  custom:scripting/monoscript/fileName/XROriginEditor.cs: 2d9ed55d97ae69e39f7e3f328b4b572b -> 
  custom:scripting/monoscript/fileName/ScriptableSettingsProvider.cs: 90647cc400823b41df847a6cbfc29026 -> 
  custom:scripting/monoscript/fileName/IntDatum.cs: eba3d5990e1ba42fccdc328943c9a374 -> 
  custom:scripting/monoscript/fileName/UnityEventExtensions.cs: 7a5c2af227f416da1bff9c8980c8c67c -> 
  custom:scripting/monoscript/fileName/BuildHelpers.cs: 52ee9552b5cbbfe4eb60d480e36ffff5 -> 
  custom:scripting/monoscript/fileName/BuildValidationRule.cs: 7ae964814ae51b3db69ee982b4487eb7 -> 
  custom:scripting/monoscript/fileName/EnumDisplayPropertyDrawer.cs: c3e8d16f0025fde8dfae950741c9e809 -> 
  custom:scripting/monoscript/fileName/IReadOnlyBindableVariable.cs: 90647cc400823b41df847a6cbfc29026 -> 
  custom:scripting/monoscript/fileName/XRLoggingUtils.cs: ee194275fc072b5305145812281b99b4 -> 
  custom:scripting/monoscript/fileName/XRLoaderOrderUI.cs: 7bb0491ac9109774b097f2da80cd0c03 -> 
  custom:scripting/monoscript/fileName/AndroidManifestBuildEventReceiver.cs: 641c0bff5eb90d0569a809ea302132ee -> 
  custom:scripting/monoscript/fileName/MenuUtils.cs: ef61e56f05605c149332b0b451f694ed -> 
  custom:video-encoder-webm-vp8: eb34c28f22e8b96e1ab97ce403110664 -> 
  custom:scripting/monoscript/fileName/CollectionPool.cs: 90647cc400823b41df847a6cbfc29026 -> 
  custom:scripting/monoscript/fileName/DatumPropertyDrawer.cs: cf53e16640493eed09c0a9bcf5e6d26a -> 
  custom:audio-decoder-ogg-vorbis: bf7c407c2cedff20999df2af8eb42d56 -> 
  custom:scripting/monoscript/fileName/CapabilityDictionaryItemDrawer.cs: d35f98e49313ad0817835473a2d39b7f -> 
  custom:scripting/monoscript/fileName/BindableVariableBase.cs: 90647cc400823b41df847a6cbfc29026 -> 
  custom:scripting/monoscript/fileName/BuildValidator.cs: c3aeddb666325043f13d5a964eeb8e0d -> 
  custom:scripting/monoscript/fileName/IAndroidManifestRequirementProvider.cs: 42bf6f4b06629c812bd73f8ff461fec4 -> 
  custom:scripting/monoscript/fileName/CameraExtensions.cs: 5cab67c578494ca6880fc9efed7eda83 -> 
  custom:scripting/precompiled-assembly-types:UnityEngine.XR.LegacyInputHelpers: da96c0e3ee4a99cfbe3f49c08ef62202 -> 
  custom:scripting/monoscript/fileName/EditorUtilities.cs: 219d482e32bf0c01357e773617418955 -> 
  custom:scripting/monoscript/fileName/XRPackageInitialization.cs: 1f095dd277a284b59543541a608de1da -> 
  custom:scripting/monoscript/fileName/EventBinding.cs: 57939feae70c39d5d7b259d56a13d4da -> 
  custom:scripting/monoscript/fileName/KnownPackages.cs: 8647f39ea28525d7cb72646ed790f6ec -> 
  custom:scripting/precompiled-assembly-types:Unity.XR.CoreUtils: 6a496fa6e15da09942dcce44b8dcd357 -> 
  custom:scripting/monoscript/fileName/StopwatchExtensions.cs: 69465d1ffaffee63daa703ad5e20aa30 -> 
  custom:scripting/monoscript/fileName/SerializableGuidUtil.cs: 32d48c1ce2e2a96b72bee78a51a5306f -> 
  custom:scripting/monoscript/fileName/ArmModel.cs: 453296f093348abde426c4384ad89b48 -> 
  custom:scripting/monoscript/fileName/PrefabCreatorBuildingBlock.cs: bc8db2fc4add667bd74ebc1d7aeedf63 -> 
  custom:scripting/monoscript/fileName/ProjectValidationUsageEvent.cs: d832ed1fb4bcff52c32231feef759588 -> 
  custom:scripting/precompiled-assembly-types:Unity.XR.CoreUtils.Editor: 53994e8011deb8ddcaa91166a62ce9f0 -> 
  custom:scripting/monoscript/fileName/XRConstants.cs: 1558884a4b0ea94b4910dd640a0e6741 -> 
  custom:scripting/monoscript/fileName/SwingArmModelEditor.cs: b9619a265ade6da0cba147c75ce515a7 -> 
  custom:scripting/monoscript/fileName/CustomCapabilityKeyAttribute.cs: b8f84d6112ffc5b06d2d522a8c830bb0 -> 
  custom:scripting/monoscript/fileName/FloatDatumProperty.cs: d95eb104a3ef3c6ae92507bce7881df3 -> 
  custom:scripting/monoscript/fileName/XRManagementAnalytics.cs: 546181baf4c03dbbd57015a6731508f8 -> 
  custom:scripting/monoscript/fileName/TransitionArmModelEditor.cs: 6f53e2a966c4ba4985525963dcf7d0ab -> 
  custom:scripting/monoscript/fileName/XRPackage.cs: f2edbbf87f9b798abaf2a9f285d155f5 -> 
  custom:audio-encoder-webm-vorbis: bf7c407c2cedff20999df2af8eb42d56 -> 
  custom:scripting/monoscript/fileName/BasePoseProvider.cs: 9a4470e47f250d9ee83dd1e5b0c8d4fb -> 
  custom:scripting/monoscript/fileName/Vector2Extensions.cs: 8dbcd6e4694a7a32290a3c4a4ec7effa -> 
  custom:scripting/monoscript/fileName/CameraOffset.cs: 48495ef795ef97b0c04851d617a81ec1 -> 
  custom:scripting/monoscript/fileName/ReadOnlyList.cs: 90647cc400823b41df847a6cbfc29026 -> 
  custom:scripting/monoscript/fileName/CachedComponentFilter.cs: 0cdf409b5aa8d4c25876d72b5c6a3b60 -> 
  custom:scripting/monoscript/fileName/ICapabilityModifier.cs: 3d475b7a59d03e48e843cee54ceb3c66 -> 
  custom:scripting/monoscript/fileName/AnimationCurveDatum.cs: 7a005b62071f13d631a735bf21acdb5f -> 
  custom:scripting/monoscript/fileName/AndroidManifestDocument.cs: 4c38ca7417a5355dfe2fd0b706ad71e8 -> 
  custom:scripting/monoscript/fileName/XRPackageInitializationSettings.cs: 2f743437d3b09c9a4a5a33e9be971b1a -> 
  custom:scripting/monoscript/fileName/FloatDatumPropertyDrawer.cs: 0c9e3ca7d66e4634b955f155129c5358 -> 
  custom:scripting/monoscript/fileName/OnDestroyNotifier.cs: 9320588873bc402103b6c71239087d46 -> 
  custom:scripting/monoscript/fileName/FloatDatum.cs: 6bf8df8dd116e6869317b96cc2832ced -> 
  custom:scripting/monoscript/fileName/XRPackageMetadata.cs: 16731333f575d8bc31df496aced36ebf -> 
  custom:scripting/monoscript/fileName/PackageVersion.cs: 0f86b0866157a0dbfedd6e4123adccda -> 
  custom:scripting/monoscript/fileName/CoreUtilsAnalytics.cs: fc1b8263d625f16a6826517266eeadca -> 
  custom:scripting/monoscript/fileName/ListExtensions.cs: dc08b0e81401b7052a787865553578e4 -> 
  custom:scripting/monoscript/fileName/StringDatumProperty.cs: 77ae464d731fc089fa2dce81bad0a315 -> 
  custom:scripting/monoscript/fileName/ProjectValidationDrawer.cs: aa5c1a415a84802ad5740b78a5ea2ab8 -> 
Editor requested this worker to shutdown with reason: Scaling down because of idle timeout
TcpMessagingSession - receive error: operation aborted. errorcode: 995, details: �����߳��˳���Ӧ�ó�����������ֹ I/O ������
AssetImportWorker is now disconnected from the server
Process exiting
Exiting without the bug reporter. Application will terminate with return code 0